-- MySQL dump 10.13  Distrib 5.7.20, for Linux (x86_64)
--
-- Host: localhost    Database: freelancingzone
-- ------------------------------------------------------
-- Server version	5.7.21-0ubuntu0.16.04.1

/*!40101 SET @OLD_CHARACTER_SET_CLIENT=@@CHARACTER_SET_CLIENT */;
/*!40101 SET @OLD_CHARACTER_SET_RESULTS=@@CHARACTER_SET_RESULTS */;
/*!40101 SET @OLD_COLLATION_CONNECTION=@@COLLATION_CONNECTION */;
/*!40101 SET NAMES utf8 */;
/*!40103 SET @OLD_TIME_ZONE=@@TIME_ZONE */;
/*!40103 SET TIME_ZONE='+00:00' */;
/*!40014 SET @OLD_UNIQUE_CHECKS=@@UNIQUE_CHECKS, UNIQUE_CHECKS=0 */;
/*!40014 SET @OLD_FOREIGN_KEY_CHECKS=@@FOREIGN_KEY_CHECKS, FOREIGN_KEY_CHECKS=0 */;
/*!40101 SET @OLD_SQL_MODE=@@SQL_MODE, SQL_MODE='NO_AUTO_VALUE_ON_ZERO' */;
/*!40111 SET @OLD_SQL_NOTES=@@SQL_NOTES, SQL_NOTES=0 */;

--
-- Table structure for table `categories`
--

DROP TABLE IF EXISTS `categories`;
/*!40101 SET @saved_cs_client     = @@character_set_client */;
/*!40101 SET character_set_client = utf8 */;
CREATE TABLE `categories` (
  `id_category` int(11) NOT NULL AUTO_INCREMENT,
  `category_label` varchar(1000) DEFAULT NULL,
  `id_group` int(11) DEFAULT NULL,
  PRIMARY KEY (`id_category`),
  KEY `id_group` (`id_group`)
) ENGINE=InnoDB AUTO_INCREMENT=67 DEFAULT CHARSET=utf8;
/*!40101 SET character_set_client = @saved_cs_client */;

--
-- Dumping data for table `categories`
--

LOCK TABLES `categories` WRITE;
/*!40000 ALTER TABLE `categories` DISABLE KEYS */;
INSERT INTO `categories` VALUES (2,'Desktop Software Development',1),(3,'Ecommerce Development',1),(4,'Game Development',1),(5,'Mobile Development',1),(6,'Product Management',1),(7,'QA & Testing',1),(8,'Scripts & Utilities',1),(9,'Web Development',1),(10,'Web & Mobile Design',1),(11,'Other - Software Development',1),(12,'Database Administration',2),(13,'ERP / CRM Software',2),(14,'Information Security',2),(15,'Network & System Administration',2),(16,'Other - IT & Networking',2),(17,'A/B Testing',3),(18,'Data Visualization',3),(19,'Data Extraction / ETL',3),(20,'Data Mining & Management',3),(21,'Machine Learning',3),(22,'Quantitative Analysis',3),(23,'Other - Data Science & Analytics',3),(24,'Animation',4),(25,'Audio Production',4),(26,'Graphic Design',4),(27,'Illustration',4),(28,'Logo Design & Branding',4),(29,'Photography',4),(30,'Presentations',4),(31,'Video Production',4),(32,'Voice Talent',4),(33,'Other - Design & Creative',4),(34,'Academic Writing & Research',5),(35,'Article & Blog Writing',5),(36,'Copywriting',5),(37,'Creative Writing',5),(38,'Editing & Proofreading',5),(39,'Grant Writing',5),(40,'Resumes & Cover Letters',5),(41,'Technical Writing',5),(42,'Web Content',5),(43,'Other - Writing',5),(44,'General Translation',6),(45,'Legal Translation',6),(46,'Medical Translation',6),(47,'Technical Translation',6),(48,'Customer Service',7),(49,'Technical Support',7),(50,'Other - Customer Service',7),(51,'Display Advertising',8),(52,'Email & Marketing Automation',8),(53,'Lead Generation',8),(54,'Market & Customer Research',8),(55,'Marketing Strategy',8),(56,'Public Relations',8),(57,'SEM - Search Engine Marketing',8),(58,'SEO - Search Engine Optimization',8),(59,'SMM - Social Media Marketing',8),(60,'Telemarketing & Telesales',8),(61,'Other - Sales & Marketing',8),(62,'Accounting',9),(63,'Financial Planning',9),(64,'Human Resources',9),(65,'Management Consulting',9),(66,'Other - Accounting & Consulting',9);
/*!40000 ALTER TABLE `categories` ENABLE KEYS */;
UNLOCK TABLES;

--
-- Table structure for table `category_groups`
--

DROP TABLE IF EXISTS `category_groups`;
/*!40101 SET @saved_cs_client     = @@character_set_client */;
/*!40101 SET character_set_client = utf8 */;
CREATE TABLE `category_groups` (
  `id_group` int(11) NOT NULL AUTO_INCREMENT,
  `group_label` varchar(512) DEFAULT NULL,
  PRIMARY KEY (`id_group`)
) ENGINE=InnoDB AUTO_INCREMENT=10 DEFAULT CHARSET=utf8;
/*!40101 SET character_set_client = @saved_cs_client */;

--
-- Dumping data for table `category_groups`
--

LOCK TABLES `category_groups` WRITE;
/*!40000 ALTER TABLE `category_groups` DISABLE KEYS */;
INSERT INTO `category_groups` VALUES (1,'Web, Mobile & Software Dev'),(2,'IT & Networking'),(3,'Data Science & Analytics'),(4,'Design & Creative'),(5,'Writing'),(6,'Translation'),(7,'Customer Service'),(8,'Sales & Marketing'),(9,'Accounting & Consulting');
/*!40000 ALTER TABLE `category_groups` ENABLE KEYS */;
UNLOCK TABLES;

--
-- Table structure for table `chat`
--

DROP TABLE IF EXISTS `chat`;
/*!40101 SET @saved_cs_client     = @@character_set_client */;
/*!40101 SET character_set_client = utf8 */;
CREATE TABLE `chat` (
  `id_chat` int(11) NOT NULL AUTO_INCREMENT,
  `id_user_source` int(11) DEFAULT NULL,
  `id_user_destination` int(11) DEFAULT NULL,
  `creationdate` varchar(45) DEFAULT NULL,
  `message` text,
  PRIMARY KEY (`id_chat`),
  KEY `id_user_source` (`id_user_source`),
  KEY `id_user_destination` (`id_user_destination`)
) ENGINE=InnoDB AUTO_INCREMENT=17 DEFAULT CHARSET=utf8;
/*!40101 SET character_set_client = @saved_cs_client */;

--
-- Dumping data for table `chat`
--

LOCK TABLES `chat` WRITE;
/*!40000 ALTER TABLE `chat` DISABLE KEYS */;
INSERT INTO `chat` VALUES (1,2,3,'2018/02/21 18:31','test'),(2,3,2,'2018/02/21 18:31','test'),(3,2,3,'2018/02/21 18:32','re'),(4,2,3,'2018/02/21 18:33','test'),(5,2,3,'2018/02/21 18:34','x'),(6,2,3,'2018/02/21 18:34','axc'),(7,2,3,'2018/02/21 18:35','axc'),(8,2,3,'2018/02/21 18:38','yay'),(9,3,2,'2018/02/21 18:38','xac'),(10,2,3,'2018/02/21 18:55','test'),(11,2,2,'2018/02/21 19:59','lk'),(12,2,3,'2018/02/23 07:39','alert&#40;\\\'x\\\'&#41;;'),(13,2,3,'2018/02/24 12:14','saf'),(14,2,3,'2018/02/24 12:35','sdf'),(15,2,1,'2018/02/24 13:59','test'),(16,1,2,'2018/02/24 13:59','tere');
/*!40000 ALTER TABLE `chat` ENABLE KEYS */;
UNLOCK TABLES;

--
-- Table structure for table `ci_sessions`
--

DROP TABLE IF EXISTS `ci_sessions`;
/*!40101 SET @saved_cs_client     = @@character_set_client */;
/*!40101 SET character_set_client = utf8 */;
CREATE TABLE `ci_sessions` (
  `id` varchar(128) NOT NULL,
  `ip_address` varchar(45) NOT NULL,
  `timestamp` int(10) unsigned NOT NULL DEFAULT '0',
  `data` blob NOT NULL,
  KEY `ci_sessions_timestamp` (`timestamp`),
  KEY `id` (`id`)
) ENGINE=InnoDB DEFAULT CHARSET=utf8;
/*!40101 SET character_set_client = @saved_cs_client */;

--
-- Dumping data for table `ci_sessions`
--

LOCK TABLES `ci_sessions` WRITE;
/*!40000 ALTER TABLE `ci_sessions` DISABLE KEYS */;
INSERT INTO `ci_sessions` VALUES ('4gegn2rua9ic6ouch2p0acgejigjr0e3','127.0.0.1',1518184098,'__ci_last_regenerate|i:1518184098;'),('72fdnoeco25grkt4cv3krrql46vkpmuv','127.0.0.1',1518184488,'__ci_last_regenerate|i:1518184488;'),('c42fffljsb5ga2nad0179qvvjielj0tj','127.0.0.1',1518184991,'__ci_last_regenerate|i:1518184991;'),('ibjht04mbic1c52jm2vu97bngc9m457e','127.0.0.1',1518185387,'__ci_last_regenerate|i:1518185387;'),('5qri3cu9ij17josmq43ahl5r5urde5e7','127.0.0.1',1518185944,'__ci_last_regenerate|i:1518185944;'),('7bg5snvgcgg2251795hivdi115k0lkt4','127.0.0.1',1518186266,'__ci_last_regenerate|i:1518186266;'),('3qrn9hdvbg2utpra2fur83sb28cmr7b9','127.0.0.1',1518186583,'__ci_last_regenerate|i:1518186583;'),('m75g022ubtk8dm9d38aedpdrs4e0rn4p','127.0.0.1',1518186900,'__ci_last_regenerate|i:1518186900;'),('5rggkmon7b185qft3ua7ed77a8go8ipm','127.0.0.1',1518187784,'__ci_last_regenerate|i:1518187784;'),('rcakbum1hi6og17ebmgicoq1bv48rn4p','127.0.0.1',1518188153,'__ci_last_regenerate|i:1518188153;authenticated|b:1;email|s:12:\"axc@acxc.com\";fullname|s:6:\"axccax\";id_user|s:1:\"1\";'),('j6942970s9mughnpnchbj11uiie09uj5','127.0.0.1',1518189322,'__ci_last_regenerate|i:1518189322;authenticated|b:1;email|s:13:\"test@test.com\";fullname|s:4:\"test\";id_user|s:1:\"2\";'),('8kvcs6ksq6u37bcn3ts246u6q3t9rj0q','127.0.0.1',1518189623,'__ci_last_regenerate|i:1518189623;authenticated|b:1;email|s:13:\"test@test.com\";fullname|s:4:\"test\";id_user|s:1:\"2\";'),('i6rs1e2bno4opng9f108i1s91k7b4ecb','127.0.0.1',1518190506,'__ci_last_regenerate|i:1518190506;authenticated|b:1;email|s:13:\"test@test.com\";fullname|s:4:\"test\";id_user|s:1:\"2\";'),('tl2fjbpkv6vve2c2gb6bcf0kh3gvs072','127.0.0.1',1518195012,'__ci_last_regenerate|i:1518195012;authenticated|b:1;email|s:13:\"test@test.com\";fullname|s:4:\"test\";id_user|s:1:\"2\";'),('929r5gqiabu2p6icm06lvnpn2r6fqefq','127.0.0.1',1518195022,'__ci_last_regenerate|i:1518195012;authenticated|b:1;email|s:13:\"test@test.com\";fullname|s:4:\"test\";id_user|s:1:\"2\";'),('tplh301vl393m8k4sf9p9156t8cpm0rf','127.0.0.1',1518268225,'__ci_last_regenerate|i:1518268225;authenticated|b:1;email|s:13:\"test@test.com\";fullname|s:4:\"test\";id_user|s:1:\"2\";'),('qqn2642lssuensst0mjksevbqc2ca0b3','127.0.0.1',1518268541,'__ci_last_regenerate|i:1518268541;authenticated|b:1;email|s:13:\"test@test.com\";fullname|s:4:\"test\";id_user|s:1:\"2\";'),('evct8v0i7agvg8u5bcteq5kc6no54918','127.0.0.1',1518268890,'__ci_last_regenerate|i:1518268890;authenticated|b:1;email|s:13:\"test@test.com\";fullname|s:4:\"test\";id_user|s:1:\"2\";'),('1hec8otk3km4fnptpn5vtjc35m9u3tcc','127.0.0.1',1518269463,'__ci_last_regenerate|i:1518269463;authenticated|b:1;email|s:13:\"test@test.com\";fullname|s:14:\"Maxime Labelle\";id_user|s:1:\"2\";profile_picture|s:16:\"default-user.png\";'),('rbf9kvf4tmfuqnq07se07ms1nd26g9a7','127.0.0.1',1518270192,'__ci_last_regenerate|i:1518270192;authenticated|b:1;email|s:13:\"test@test.com\";fullname|s:14:\"Maxime Labelle\";id_user|s:1:\"2\";profile_picture|s:16:\"default-user.png\";'),('88tpegc7otonsb2tr8ovjejn108n88bs','127.0.0.1',1518270532,'__ci_last_regenerate|i:1518270532;authenticated|b:1;email|s:13:\"test@test.com\";fullname|s:14:\"Maxime Labelle\";id_user|s:1:\"2\";profile_picture|s:16:\"default-user.png\";'),('r894opn1q5ltd1av66bj8c27ol527sji','127.0.0.1',1518271247,'__ci_last_regenerate|i:1518271247;authenticated|b:1;email|s:13:\"test@test.com\";fullname|s:14:\"Maxime Labelle\";id_user|s:1:\"2\";profile_picture|s:16:\"default-user.png\";'),('rtqe0b6bbg09c240p9t1ufgiiuk7q5rd','127.0.0.1',1518271786,'__ci_last_regenerate|i:1518271786;authenticated|b:1;email|s:13:\"test@test.com\";fullname|s:14:\"Maxime Labelle\";id_user|s:1:\"2\";profile_picture|s:16:\"default-user.png\";'),('tgrvku9jjevshki7upl83c7iftfmkb47','127.0.0.1',1518273599,'__ci_last_regenerate|i:1518273599;authenticated|b:1;email|s:13:\"test@test.com\";fullname|s:14:\"Maxime Labelle\";id_user|s:1:\"2\";profile_picture|s:16:\"default-user.png\";'),('l6amcaosvs10968sjahgu2nee7q3eu5p','127.0.0.1',1518274069,'__ci_last_regenerate|i:1518274069;authenticated|b:1;email|s:13:\"test@test.com\";fullname|s:14:\"Maxime Labelle\";id_user|s:1:\"2\";profile_picture|s:16:\"default-user.png\";'),('si6o3l77uepf9svjahiiac71052l4q6v','127.0.0.1',1518274463,'__ci_last_regenerate|i:1518274463;authenticated|b:1;email|s:13:\"test@test.com\";fullname|s:14:\"Maxime Labelle\";id_user|s:1:\"2\";profile_picture|s:16:\"default-user.png\";'),('60j97flmgo3sid9j06gr233rvgnp0e5j','127.0.0.1',1518274775,'__ci_last_regenerate|i:1518274775;authenticated|b:1;email|s:13:\"test@test.com\";fullname|s:14:\"Maxime Labelle\";id_user|s:1:\"2\";profile_picture|s:16:\"default-user.png\";'),('7qt1rf77lv6034rj7ikvg23c3fkjnk5v','127.0.0.1',1518275228,'__ci_last_regenerate|i:1518275228;authenticated|b:1;email|s:13:\"test@test.com\";fullname|s:14:\"Maxime Labelle\";id_user|s:1:\"2\";profile_picture|s:16:\"default-user.png\";'),('2sfcpe4qhplig5u3fb5unsmj6upiprfg','127.0.0.1',1518275633,'__ci_last_regenerate|i:1518275633;authenticated|b:1;email|s:13:\"test@test.com\";fullname|s:14:\"Maxime Labelle\";id_user|s:1:\"2\";profile_picture|s:16:\"default-user.png\";'),('o5h1d35f8uatkj996v1bqkv0ijrohh9h','127.0.0.1',1518277008,'__ci_last_regenerate|i:1518277008;authenticated|b:1;email|s:13:\"test@test.com\";fullname|s:14:\"Maxime Labelle\";id_user|s:1:\"2\";profile_picture|s:16:\"default-user.png\";'),('sk215a9voifu53b8au7olkd60am910hv','127.0.0.1',1518277569,'__ci_last_regenerate|i:1518277569;authenticated|b:1;email|s:13:\"test@test.com\";fullname|s:14:\"Maxime Labelle\";id_user|s:1:\"2\";profile_picture|s:16:\"default-user.png\";'),('9kvt9f06onsmp0hrhdsf51gmu6k2cmc6','127.0.0.1',1518277874,'__ci_last_regenerate|i:1518277874;authenticated|b:1;email|s:13:\"test@test.com\";fullname|s:14:\"Maxime Labelle\";id_user|s:1:\"2\";profile_picture|s:16:\"default-user.png\";'),('ngu5f9c9m36rpumdke0ikqj1ot9p5g33','127.0.0.1',1518278181,'__ci_last_regenerate|i:1518278181;authenticated|b:1;email|s:13:\"test@test.com\";fullname|s:14:\"Maxime Labelle\";id_user|s:1:\"2\";profile_picture|s:16:\"default-user.png\";'),('uafjnjq72dd8i35vi5pi1qhqsdi6emh7','127.0.0.1',1518278532,'__ci_last_regenerate|i:1518278532;authenticated|b:1;email|s:13:\"test@test.com\";fullname|s:14:\"Maxime Labelle\";id_user|s:1:\"2\";profile_picture|s:16:\"default-user.png\";'),('npi3q8mmqhmge1lbs2ogln5gj5omhtsr','127.0.0.1',1518278839,'__ci_last_regenerate|i:1518278839;authenticated|b:1;email|s:13:\"test@test.com\";fullname|s:14:\"Maxime Labelle\";id_user|s:1:\"2\";profile_picture|s:16:\"default-user.png\";'),('kri4c9l4ikm9v47nfqp47pvuqelg9nuo','127.0.0.1',1518279176,'__ci_last_regenerate|i:1518279176;authenticated|b:1;email|s:13:\"test@test.com\";fullname|s:14:\"Maxime Labelle\";id_user|s:1:\"2\";profile_picture|s:16:\"default-user.png\";'),('0lighp4lrvumcm0gfhi8g4qknul3egd7','127.0.0.1',1518279677,'__ci_last_regenerate|i:1518279677;authenticated|b:1;email|s:13:\"test@test.com\";fullname|s:14:\"Maxime Labelle\";id_user|s:1:\"2\";profile_picture|s:16:\"default-user.png\";'),('2h3uqdbrfqjk4qll1rf7judk6a89tsbs','127.0.0.1',1518280015,'__ci_last_regenerate|i:1518280015;authenticated|b:1;email|s:13:\"test@test.com\";fullname|s:14:\"Maxime Labelle\";id_user|s:1:\"2\";profile_picture|s:16:\"default-user.png\";'),('2dtaja21dp58b2q68mhvslti7epm9ie3','127.0.0.1',1518280385,'__ci_last_regenerate|i:1518280385;authenticated|b:1;email|s:13:\"test@test.com\";fullname|s:14:\"Maxime Labelle\";id_user|s:1:\"2\";profile_picture|s:16:\"default-user.png\";'),('4bqhmkpc7kl16jfcl8e45s692tmnri25','127.0.0.1',1518280728,'__ci_last_regenerate|i:1518280728;authenticated|b:1;email|s:13:\"test@test.com\";fullname|s:14:\"Maxime Labelle\";id_user|s:1:\"2\";profile_picture|s:16:\"default-user.png\";'),('hrd0da3dm0ar9lpd3h2182k00fr1q50g','127.0.0.1',1518281098,'__ci_last_regenerate|i:1518281098;authenticated|b:1;email|s:13:\"test@test.com\";fullname|s:14:\"Maxime Labelle\";id_user|s:1:\"2\";profile_picture|s:16:\"default-user.png\";'),('1gpihs4phk0o5na122d4nne3utucicsa','127.0.0.1',1518281430,'__ci_last_regenerate|i:1518281430;'),('0hrol6clqg6pqip7mrmbgl3d53qmf6ft','127.0.0.1',1518283093,'__ci_last_regenerate|i:1518283093;authenticated|b:1;email|s:13:\"test@test.com\";fullname|s:14:\"Maxime Labelle\";id_user|s:1:\"2\";profile_picture|s:16:\"default-user.png\";'),('bje3g12r70ei95qspdhrtin1020h6g8f','127.0.0.1',1518283743,'__ci_last_regenerate|i:1518283743;authenticated|b:1;email|s:13:\"test@test.com\";fullname|s:14:\"Maxime Labelle\";id_user|s:1:\"2\";profile_picture|s:16:\"default-user.png\";'),('rvujftnl5e7vcp70mvjb8p0ah9o3a8bi','127.0.0.1',1518287845,'__ci_last_regenerate|i:1518287845;authenticated|b:1;email|s:13:\"test@test.com\";fullname|s:14:\"Maxime Labelle\";id_user|s:1:\"2\";profile_picture|s:16:\"default-user.png\";'),('hmpl6ktgs77ufsj1pgksd1qjthol2pag','127.0.0.1',1518288358,'__ci_last_regenerate|i:1518288358;authenticated|b:1;email|s:13:\"test@test.com\";fullname|s:14:\"Maxime Labelle\";id_user|s:1:\"2\";profile_picture|s:16:\"default-user.png\";'),('n4lkm1klf0icufk57skgi7v2t184u5qa','127.0.0.1',1518288891,'__ci_last_regenerate|i:1518288891;authenticated|b:1;email|s:13:\"test@test.com\";fullname|s:14:\"Maxime Labelle\";id_user|s:1:\"2\";profile_picture|s:16:\"default-user.png\";'),('1kg3mvd9edkssim01fvb98vvovkufg3h','127.0.0.1',1518289468,'__ci_last_regenerate|i:1518289468;authenticated|b:1;email|s:13:\"test@test.com\";fullname|s:14:\"Maxime Labelle\";id_user|s:1:\"2\";profile_picture|s:16:\"default-user.png\";'),('sqgm8sjvj0kbsmhu60hjkkh90jelefvo','127.0.0.1',1518289770,'__ci_last_regenerate|i:1518289770;authenticated|b:1;email|s:13:\"test@test.com\";fullname|s:14:\"Maxime Labelle\";id_user|s:1:\"2\";profile_picture|s:16:\"default-user.png\";'),('7pir2p10c2474ou9e54a1avsoght3pg3','127.0.0.1',1518290080,'__ci_last_regenerate|i:1518290080;authenticated|b:1;email|s:13:\"test@test.com\";fullname|s:14:\"Maxime Labelle\";id_user|s:1:\"2\";profile_picture|s:16:\"default-user.png\";'),('a7gjbf355a0qsjck42hlt414bp8v0off','127.0.0.1',1518290508,'__ci_last_regenerate|i:1518290508;authenticated|b:1;email|s:13:\"test@test.com\";fullname|s:14:\"Maxime Labelle\";id_user|s:1:\"2\";profile_picture|s:16:\"default-user.png\";'),('84t2pv9j9j7g35ab88gcv1oqf10kin74','127.0.0.1',1518290995,'__ci_last_regenerate|i:1518290995;authenticated|b:1;email|s:13:\"test@test.com\";fullname|s:14:\"Maxime Labelle\";id_user|s:1:\"2\";profile_picture|s:16:\"default-user.png\";'),('bue3amcue91lrj336b5vo9lnnlsevg59','127.0.0.1',1518291321,'__ci_last_regenerate|i:1518291321;authenticated|b:1;email|s:13:\"test@test.com\";fullname|s:14:\"Maxime Labelle\";id_user|s:1:\"2\";profile_picture|s:16:\"default-user.png\";'),('nqe0lk7ebsm6b7ge7a20k2nc54ou4u1g','127.0.0.1',1518291667,'__ci_last_regenerate|i:1518291667;authenticated|b:1;email|s:13:\"test@test.com\";fullname|s:14:\"Maxime Labelle\";id_user|s:1:\"2\";profile_picture|s:16:\"default-user.png\";'),('lq45jtf28k9816gjd9utov9p3hjqbnqg','127.0.0.1',1518291970,'__ci_last_regenerate|i:1518291970;authenticated|b:1;email|s:13:\"test@test.com\";fullname|s:14:\"Maxime Labelle\";id_user|s:1:\"2\";profile_picture|s:16:\"default-user.png\";'),('3cs5nfj94i8aibuvljj7mqfr0dfqlju6','127.0.0.1',1518292335,'__ci_last_regenerate|i:1518292335;authenticated|b:1;email|s:13:\"test@test.com\";fullname|s:14:\"Maxime Labelle\";id_user|s:1:\"2\";profile_picture|s:16:\"default-user.png\";'),('7sfokbgrla65frkmggnac14keldmbs41','127.0.0.1',1518292657,'__ci_last_regenerate|i:1518292657;authenticated|b:1;email|s:13:\"test@test.com\";fullname|s:14:\"Maxime Labelle\";id_user|s:1:\"2\";profile_picture|s:16:\"default-user.png\";'),('0gj1bv5eebtp0q9100v9mcb3is21iqm0','127.0.0.1',1518293497,'__ci_last_regenerate|i:1518293497;authenticated|b:1;email|s:13:\"test@test.com\";fullname|s:14:\"Maxime Labelle\";id_user|s:1:\"2\";profile_picture|s:16:\"default-user.png\";'),('h4e1iu1q629pn9mmc4c7qm67ajqc0rj8','127.0.0.1',1518295677,'__ci_last_regenerate|i:1518295677;authenticated|b:1;email|s:13:\"test@test.com\";fullname|s:14:\"Maxime Labelle\";id_user|s:1:\"2\";profile_picture|s:16:\"default-user.png\";'),('jh0qc7vv274d70dae8kb40kt5p01j1eh','127.0.0.1',1518296275,'__ci_last_regenerate|i:1518296275;authenticated|b:1;email|s:13:\"test@test.com\";fullname|s:14:\"Maxime Labelle\";id_user|s:1:\"2\";profile_picture|s:16:\"default-user.png\";'),('2d7puc7meio2f6jgok5ifpio4lbgum75','127.0.0.1',1518298130,'__ci_last_regenerate|i:1518298130;authenticated|b:1;email|s:13:\"test@test.com\";fullname|s:14:\"Maxime Labelle\";id_user|s:1:\"2\";profile_picture|s:16:\"default-user.png\";'),('nd6ovpblj7or2ejr7mo3savsks9ecqmi','127.0.0.1',1518298601,'__ci_last_regenerate|i:1518298601;authenticated|b:1;email|s:13:\"test@test.com\";fullname|s:14:\"Maxime Labelle\";id_user|s:1:\"2\";profile_picture|s:16:\"default-user.png\";'),('9u7ls55r2npjn7mhs5vvcg05vfr4rja0','127.0.0.1',1518298936,'__ci_last_regenerate|i:1518298936;authenticated|b:1;email|s:13:\"test@test.com\";fullname|s:14:\"Maxime Labelle\";id_user|s:1:\"2\";profile_picture|s:16:\"default-user.png\";'),('sue0lefdps16jf9p2keqj85ih98h40aj','127.0.0.1',1518299393,'__ci_last_regenerate|i:1518299393;authenticated|b:1;email|s:13:\"test@test.com\";fullname|s:14:\"Maxime Labelle\";id_user|s:1:\"2\";profile_picture|s:16:\"default-user.png\";'),('0l011qgpa9psq44smrq2su1pvbptgkuo','127.0.0.1',1518304733,'__ci_last_regenerate|i:1518304733;authenticated|b:1;email|s:13:\"test@test.com\";fullname|s:14:\"Maxime Labelle\";id_user|s:1:\"2\";profile_picture|s:16:\"default-user.png\";'),('00glo2lo7mqc8v17h5ssg59rjvlqt2qq','127.0.0.1',1518305034,'__ci_last_regenerate|i:1518305034;authenticated|b:1;email|s:13:\"test@test.com\";fullname|s:14:\"Maxime Labelle\";id_user|s:1:\"2\";profile_picture|s:16:\"default-user.png\";'),('fdpdoq2j5kmurpnrcekmcd9tor4mlpuf','127.0.0.1',1518305902,'__ci_last_regenerate|i:1518305902;authenticated|b:1;email|s:13:\"test@test.com\";fullname|s:14:\"Maxime Labelle\";id_user|s:1:\"2\";profile_picture|s:16:\"default-user.png\";'),('djle1deh7pijb6g85fa7cvqlkt6ufe0d','127.0.0.1',1518306649,'__ci_last_regenerate|i:1518306649;authenticated|b:1;email|s:13:\"test@test.com\";fullname|s:14:\"Maxime Labelle\";id_user|s:1:\"2\";profile_picture|s:16:\"default-user.png\";'),('1p9t0r7h761e8enlmghhb1fnqqmhl2ag','127.0.0.1',1518307006,'__ci_last_regenerate|i:1518307006;authenticated|b:1;email|s:13:\"test@test.com\";fullname|s:14:\"Maxime Labelle\";id_user|s:1:\"2\";profile_picture|s:16:\"default-user.png\";'),('omh2muns0j0llvpolug8pqf7vkkg168q','127.0.0.1',1518307366,'__ci_last_regenerate|i:1518307366;authenticated|b:1;email|s:13:\"test@test.com\";fullname|s:14:\"Maxime Labelle\";id_user|s:1:\"2\";profile_picture|s:16:\"default-user.png\";'),('bgjhc7i6d62nvlloh7gg3ghc4bpqhn2c','127.0.0.1',1518307723,'__ci_last_regenerate|i:1518307723;authenticated|b:1;email|s:13:\"test@test.com\";fullname|s:14:\"Maxime Labelle\";id_user|s:1:\"2\";profile_picture|s:16:\"default-user.png\";'),('j35fcuq3d60ura2rdn2d01fi3585ct95','127.0.0.1',1518309045,'__ci_last_regenerate|i:1518309045;authenticated|b:1;email|s:13:\"test@test.com\";fullname|s:14:\"Maxime Labelle\";id_user|s:1:\"2\";profile_picture|s:16:\"default-user.png\";'),('m5qh2llo80v1omr1g41l2ah9sapbsg4o','127.0.0.1',1518309115,'__ci_last_regenerate|i:1518309045;authenticated|b:1;email|s:13:\"test@test.com\";fullname|s:14:\"Maxime Labelle\";id_user|s:1:\"2\";profile_picture|s:16:\"default-user.png\";'),('utj9pp496kqbs84rgh0q1kjehdkk6ilk','127.0.0.1',1518363531,'__ci_last_regenerate|i:1518363531;authenticated|b:1;email|s:13:\"test@test.com\";fullname|s:14:\"Maxime Labelle\";id_user|s:1:\"2\";profile_picture|s:16:\"default-user.png\";'),('f9usj8996tlbpp5r6s571ehdkg0kd4b1','127.0.0.1',1518363839,'__ci_last_regenerate|i:1518363839;authenticated|b:1;email|s:13:\"test@test.com\";fullname|s:14:\"Maxime Labelle\";id_user|s:1:\"2\";profile_picture|s:16:\"default-user.png\";'),('uijk4j91be8dst33bc54tlo48q9vj18a','127.0.0.1',1518364067,'__ci_last_regenerate|i:1518363839;authenticated|b:1;email|s:13:\"test@test.com\";fullname|s:14:\"Maxime Labelle\";id_user|s:1:\"2\";profile_picture|s:16:\"default-user.png\";'),('pc6f37279233hs8l7l8ed8mbnjv0843g','127.0.0.1',1518444753,'__ci_last_regenerate|i:1518444736;authenticated|b:1;email|s:13:\"test@test.com\";fullname|s:14:\"Maxime Labelle\";id_user|s:1:\"2\";profile_picture|s:16:\"default-user.png\";'),('52l89la26ds8anprjopnfbqqportikef','127.0.0.1',1518559664,'__ci_last_regenerate|i:1518559664;'),('96idnr40qb49mjhod303vf5imbnrl2jn','127.0.0.1',1518607921,'__ci_last_regenerate|i:1518607921;authenticated|b:1;email|s:13:\"test@test.com\";fullname|s:14:\"Maxime Labelle\";id_user|s:1:\"2\";profile_picture|s:16:\"default-user.png\";'),('lendtdappm6k69muguqjv0k2fq59ih3v','127.0.0.1',1518607928,'__ci_last_regenerate|i:1518607921;authenticated|b:1;email|s:13:\"test@test.com\";fullname|s:14:\"Maxime Labelle\";id_user|s:1:\"2\";profile_picture|s:16:\"default-user.png\";'),('acsop6goql50j01uul0836et2r21bve6','127.0.0.1',1518622981,'__ci_last_regenerate|i:1518622981;authenticated|b:1;email|s:13:\"test@test.com\";fullname|s:14:\"Maxime Labelle\";id_user|s:1:\"2\";profile_picture|s:16:\"default-user.png\";'),('hnnqrrctq2fc60iot94slvkpp7s1lqef','127.0.0.1',1518623335,'__ci_last_regenerate|i:1518623335;authenticated|b:1;email|s:13:\"test@test.com\";fullname|s:14:\"Maxime Labelle\";id_user|s:1:\"2\";profile_picture|s:16:\"default-user.png\";'),('80jro197nt15ejsn0gi0hklqkf8g43i7','127.0.0.1',1518623646,'__ci_last_regenerate|i:1518623646;authenticated|b:1;email|s:13:\"test@test.com\";fullname|s:14:\"Maxime Labelle\";id_user|s:1:\"2\";profile_picture|s:16:\"default-user.png\";'),('agil9hduc2v2qtvqck80qm6sb3gug42m','127.0.0.1',1518624220,'__ci_last_regenerate|i:1518624220;authenticated|b:1;email|s:13:\"test@test.com\";fullname|s:14:\"Maxime Labelle\";id_user|s:1:\"2\";profile_picture|s:16:\"default-user.png\";'),('rh8utdnt50umrjdvqb8qn4t6ksch4vn3','127.0.0.1',1518624541,'__ci_last_regenerate|i:1518624541;authenticated|b:1;email|s:13:\"test@test.com\";fullname|s:14:\"Maxime Labelle\";id_user|s:1:\"2\";profile_picture|s:16:\"default-user.png\";'),('35p89806ktd4o3qr9q56i7e87o1j1ja3','127.0.0.1',1518624926,'__ci_last_regenerate|i:1518624926;authenticated|b:1;email|s:13:\"test@test.com\";fullname|s:14:\"Maxime Labelle\";id_user|s:1:\"2\";profile_picture|s:16:\"default-user.png\";'),('dk4i0m30cphfinno9m91tqqc4ti65fua','127.0.0.1',1518625369,'__ci_last_regenerate|i:1518625369;authenticated|b:1;email|s:13:\"test@test.com\";fullname|s:14:\"Maxime Labelle\";id_user|s:1:\"2\";profile_picture|s:16:\"default-user.png\";'),('ubjrvedb2g2dnvs229qjljodhslq6a4o','127.0.0.1',1518625687,'__ci_last_regenerate|i:1518625687;authenticated|b:1;email|s:13:\"test@test.com\";fullname|s:14:\"Maxime Labelle\";id_user|s:1:\"2\";profile_picture|s:16:\"default-user.png\";'),('in342d675bcl8v6lk32c7i01089b2ta7','127.0.0.1',1518626010,'__ci_last_regenerate|i:1518626010;authenticated|b:1;email|s:13:\"test@test.com\";fullname|s:14:\"Maxime Labelle\";id_user|s:1:\"2\";profile_picture|s:16:\"default-user.png\";'),('l1v0p57pjgjj7v05mi4hm9sc54k8ld0r','127.0.0.1',1518626149,'__ci_last_regenerate|i:1518626010;authenticated|b:1;email|s:13:\"test@test.com\";fullname|s:14:\"Maxime Labelle\";id_user|s:1:\"2\";profile_picture|s:16:\"default-user.png\";'),('4hhgj98nu23do59aub8ulqkojakfo782','127.0.0.1',1518638434,'__ci_last_regenerate|i:1518638380;authenticated|b:1;email|s:13:\"test@test.com\";fullname|s:14:\"Maxime Labelle\";id_user|s:1:\"2\";profile_picture|s:16:\"default-user.png\";'),('ca6aksnvae2fb5tad5nud32ep6g7ptns','127.0.0.1',1518726289,'__ci_last_regenerate|i:1518726289;authenticated|b:1;email|s:13:\"test@test.com\";fullname|s:14:\"Maxime Labelle\";id_user|s:1:\"2\";profile_picture|s:16:\"default-user.png\";'),('69o84ve6sk4nvdi01fsr511dc41f6spj','127.0.0.1',1518726591,'__ci_last_regenerate|i:1518726591;authenticated|b:1;email|s:13:\"test@test.com\";fullname|s:14:\"Maxime Labelle\";id_user|s:1:\"2\";profile_picture|s:16:\"default-user.png\";'),('cksfrddhsf645sii6d9s5ql4d59u3ncn','127.0.0.1',1518726991,'__ci_last_regenerate|i:1518726991;authenticated|b:1;email|s:13:\"test@test.com\";fullname|s:14:\"Maxime Labelle\";id_user|s:1:\"2\";profile_picture|s:16:\"default-user.png\";'),('sd6g9jbp2k180du7ml3k46quu4mn763b','127.0.0.1',1518727456,'__ci_last_regenerate|i:1518727456;authenticated|b:1;email|s:13:\"test@test.com\";fullname|s:14:\"Maxime Labelle\";id_user|s:1:\"2\";profile_picture|s:16:\"default-user.png\";'),('ntdu6nrdtvkenlp185kj2c18bku0sv35','127.0.0.1',1518727762,'__ci_last_regenerate|i:1518727762;authenticated|b:1;email|s:13:\"test@test.com\";fullname|s:14:\"Maxime Labelle\";id_user|s:1:\"2\";profile_picture|s:16:\"default-user.png\";'),('0j5cvim93sfm89rpfeg726o3ske52q3e','127.0.0.1',1518728103,'__ci_last_regenerate|i:1518728103;authenticated|b:1;email|s:13:\"test@test.com\";fullname|s:14:\"Maxime Labelle\";id_user|s:1:\"2\";profile_picture|s:16:\"default-user.png\";'),('kdgji9d8g0ujin1j86lqf9bth5svccao','127.0.0.1',1518728587,'__ci_last_regenerate|i:1518728587;authenticated|b:1;email|s:13:\"test@test.com\";fullname|s:14:\"Maxime Labelle\";id_user|s:1:\"2\";profile_picture|s:16:\"default-user.png\";'),('mlbm1t7o3mr64j2hdfrbbe1oen9s19ms','127.0.0.1',1518728898,'__ci_last_regenerate|i:1518728898;authenticated|b:1;email|s:13:\"test@test.com\";fullname|s:14:\"Maxime Labelle\";id_user|s:1:\"2\";profile_picture|s:16:\"default-user.png\";'),('obhs3af5uia07mrvee70bj4utdh44k9p','127.0.0.1',1518729213,'__ci_last_regenerate|i:1518729213;authenticated|b:1;email|s:13:\"test@test.com\";fullname|s:14:\"Maxime Labelle\";id_user|s:1:\"2\";profile_picture|s:16:\"default-user.png\";'),('fbfrnb5dsju9ukk373vs1lna379ljo5d','127.0.0.1',1518729515,'__ci_last_regenerate|i:1518729515;authenticated|b:1;email|s:13:\"test@test.com\";fullname|s:14:\"Maxime Labelle\";id_user|s:1:\"2\";profile_picture|s:16:\"default-user.png\";'),('27hk2vofsob6hc24m5e1gt9eat2htmtt','127.0.0.1',1518729820,'__ci_last_regenerate|i:1518729820;authenticated|b:1;email|s:13:\"test@test.com\";fullname|s:14:\"Maxime Labelle\";id_user|s:1:\"2\";profile_picture|s:16:\"default-user.png\";'),('urun7btb6dn1nbh33nrefrod0jpcglrg','127.0.0.1',1518730469,'__ci_last_regenerate|i:1518730469;authenticated|b:1;email|s:13:\"test@test.com\";fullname|s:14:\"Maxime Labelle\";id_user|s:1:\"2\";profile_picture|s:16:\"default-user.png\";'),('olknmpq06pk5uotkg7jaun0j63tdeh5e','127.0.0.1',1518732565,'__ci_last_regenerate|i:1518732565;authenticated|b:1;email|s:13:\"test@test.com\";fullname|s:14:\"Maxime Labelle\";id_user|s:1:\"2\";profile_picture|s:16:\"default-user.png\";'),('ftc2alv9ktjsu793l9i4acdej6hqd6rg','127.0.0.1',1518732579,'__ci_last_regenerate|i:1518732565;authenticated|b:1;email|s:13:\"test@test.com\";fullname|s:14:\"Maxime Labelle\";id_user|s:1:\"2\";profile_picture|s:16:\"default-user.png\";'),('90esii916pv8ju51tc59d8ichefv746n','127.0.0.1',1518784553,'__ci_last_regenerate|i:1518784488;authenticated|b:1;email|s:13:\"test@test.com\";fullname|s:14:\"Maxime Labelle\";id_user|s:1:\"2\";profile_picture|s:16:\"default-user.png\";'),('asa78tmlcae72obdtc3f6gv341sa7g1k','127.0.0.1',1518798494,'__ci_last_regenerate|i:1518798494;'),('ghlnsld0mvu4007ov397u3190prcprtp','127.0.0.1',1518799192,'__ci_last_regenerate|i:1518799192;authenticated|b:1;email|s:13:\"test@test.com\";fullname|s:14:\"Maxime Labelle\";id_user|s:1:\"2\";profile_picture|s:16:\"default-user.png\";'),('49jiotnh9sunv0po4dp8lev9oo9irqq8','127.0.0.1',1518799673,'__ci_last_regenerate|i:1518799673;authenticated|b:1;email|s:13:\"test@test.com\";fullname|s:14:\"Maxime Labelle\";id_user|s:1:\"2\";profile_picture|s:16:\"default-user.png\";'),('96n7qkqj48elpha9qh423i8odc2sihp7','127.0.0.1',1518799977,'__ci_last_regenerate|i:1518799977;authenticated|b:1;email|s:13:\"test@test.com\";fullname|s:14:\"Maxime Labelle\";id_user|s:1:\"2\";profile_picture|s:16:\"default-user.png\";'),('c7u4mqbpka3uedti71ldbj8g0okvua7c','127.0.0.1',1518799977,'__ci_last_regenerate|i:1518799977;authenticated|b:1;email|s:13:\"test@test.com\";fullname|s:14:\"Maxime Labelle\";id_user|s:1:\"2\";profile_picture|s:16:\"default-user.png\";'),('t1bju3reng59guh89u5337hf69b2bkec','127.0.0.1',1518822626,'__ci_last_regenerate|i:1518822611;authenticated|b:1;email|s:13:\"test@test.com\";fullname|s:14:\"Maxime Labelle\";id_user|s:1:\"2\";profile_picture|s:16:\"default-user.png\";'),('rngsmh8827ucanm29ttpljogh64vluak','127.0.0.1',1518894820,'__ci_last_regenerate|i:1518894820;authenticated|b:1;email|s:13:\"test@test.com\";fullname|s:14:\"Maxime Labelle\";id_user|s:1:\"2\";profile_picture|s:16:\"default-user.png\";'),('jgo3clr80tfhakcqchf3dqj7net2fu1b','127.0.0.1',1518895346,'__ci_last_regenerate|i:1518895346;authenticated|b:1;email|s:13:\"test@test.com\";fullname|s:14:\"Maxime Labelle\";id_user|s:1:\"2\";profile_picture|s:16:\"default-user.png\";'),('eurc9pqh6j5ivkkacfpmqmgv4jp2mm4r','127.0.0.1',1518902437,'__ci_last_regenerate|i:1518902437;authenticated|b:1;email|s:13:\"test@test.com\";fullname|s:14:\"Maxime Labelle\";id_user|s:1:\"2\";profile_picture|s:16:\"default-user.png\";'),('aau14jb2sqhva6utivif2l93ihga5e35','127.0.0.1',1518902437,'__ci_last_regenerate|i:1518902437;authenticated|b:1;email|s:13:\"test@test.com\";fullname|s:14:\"Maxime Labelle\";id_user|s:1:\"2\";profile_picture|s:16:\"default-user.png\";'),('bikqva17tccsjjstqqkgh7i1s61m6rue','127.0.0.1',1518971520,'__ci_last_regenerate|i:1518971482;authenticated|b:1;email|s:13:\"test@test.com\";fullname|s:14:\"Maxime Labelle\";id_user|s:1:\"2\";profile_picture|s:16:\"default-user.png\";'),('t5h1lbprpgtuqddqb1rardu36r4bismr','127.0.0.1',1519159865,'__ci_last_regenerate|i:1519159865;authenticated|b:1;email|s:13:\"test@test.com\";fullname|s:14:\"Maxime Labelle\";id_user|s:1:\"2\";profile_picture|s:16:\"default-user.png\";'),('ndge97p6eu12iqlcvatrq0imf632op9n','127.0.0.1',1519160200,'__ci_last_regenerate|i:1519160200;authenticated|b:1;email|s:13:\"test@test.com\";fullname|s:14:\"Maxime Labelle\";id_user|s:1:\"2\";profile_picture|s:16:\"default-user.png\";'),('i1mjk3mdogtic1t63insrp2qn18ts1kh','127.0.0.1',1519160553,'__ci_last_regenerate|i:1519160553;authenticated|b:1;email|s:13:\"test@test.com\";fullname|s:14:\"Maxime Labelle\";id_user|s:1:\"2\";profile_picture|s:16:\"default-user.png\";'),('monm97hccppetkeollb7556roargeo35','127.0.0.1',1519160894,'__ci_last_regenerate|i:1519160894;authenticated|b:1;email|s:13:\"test@test.com\";fullname|s:14:\"Maxime Labelle\";id_user|s:1:\"2\";profile_picture|s:16:\"default-user.png\";'),('bgimgnv0ld5r9rgcjtv61mkpn0h6te9t','127.0.0.1',1519161199,'__ci_last_regenerate|i:1519161199;authenticated|b:1;email|s:13:\"test@test.com\";fullname|s:14:\"Maxime Labelle\";id_user|s:1:\"2\";profile_picture|s:16:\"default-user.png\";'),('7nd4iibkt0j3tkd4lu55rfcfsur89nrc','127.0.0.1',1519161581,'__ci_last_regenerate|i:1519161581;authenticated|b:1;email|s:13:\"test@test.com\";fullname|s:14:\"Maxime Labelle\";id_user|s:1:\"2\";profile_picture|s:16:\"default-user.png\";'),('3fcps719k4ttcktgsotsjh8ds8f09s14','127.0.0.1',1519162052,'__ci_last_regenerate|i:1519162052;authenticated|b:1;email|s:13:\"test@test.com\";fullname|s:14:\"Maxime Labelle\";id_user|s:1:\"2\";profile_picture|s:16:\"default-user.png\";'),('tthon6thgqq3f9sl100aliojoqnhhs7n','127.0.0.1',1519162052,'__ci_last_regenerate|i:1519162052;authenticated|b:1;email|s:13:\"test@test.com\";fullname|s:14:\"Maxime Labelle\";id_user|s:1:\"2\";profile_picture|s:16:\"default-user.png\";'),('6127lutaduefqcmpt2icsbpfuilqk34d','127.0.0.1',1519242430,'__ci_last_regenerate|i:1519242430;'),('odgk6q4cvl7i02ohc7229har9gi93ral','127.0.0.1',1519243176,'__ci_last_regenerate|i:1519243176;authenticated|b:1;email|s:13:\"test@test.com\";fullname|s:14:\"Maxime Labelle\";id_user|s:1:\"2\";profile_picture|s:16:\"default-user.png\";'),('lo374f4803jrdnj45n1se0ctaireo0dv','127.0.0.1',1519243507,'__ci_last_regenerate|i:1519243507;authenticated|b:1;email|s:13:\"test@test.com\";fullname|s:14:\"Maxime Labelle\";id_user|s:1:\"2\";profile_picture|s:16:\"default-user.png\";'),('ga9ch8lcjt8o26cogfs5mso7hiv6fqam','127.0.0.1',1519243813,'__ci_last_regenerate|i:1519243813;authenticated|b:1;email|s:13:\"test@test.com\";fullname|s:14:\"Maxime Labelle\";id_user|s:1:\"2\";profile_picture|s:16:\"default-user.png\";'),('phkjnid3uog3sgujc0tohgrl778h8lar','127.0.0.1',1519244141,'__ci_last_regenerate|i:1519244141;authenticated|b:1;email|s:13:\"test@test.com\";fullname|s:14:\"Maxime Labelle\";id_user|s:1:\"2\";profile_picture|s:16:\"default-user.png\";'),('lfonlhqah275vb40ophiq0fhfb5dfrt1','127.0.0.1',1519244700,'__ci_last_regenerate|i:1519244700;authenticated|b:1;email|s:13:\"test@test.com\";fullname|s:14:\"Maxime Labelle\";id_user|s:1:\"2\";profile_picture|s:16:\"default-user.png\";'),('kp7vuit6kac5qvca0ame7d3sotk3td5b','127.0.0.1',1519245014,'__ci_last_regenerate|i:1519245014;authenticated|b:1;email|s:13:\"test@test.com\";fullname|s:14:\"Maxime Labelle\";id_user|s:1:\"2\";profile_picture|s:36:\"6691b9a56608cff3a6e47b50d222bc10.jpg\";'),('pcckc6a87p4l8ibui7u6bj80gri1n6ek','127.0.0.1',1519245342,'__ci_last_regenerate|i:1519245342;authenticated|b:1;email|s:13:\"test@test.com\";fullname|s:14:\"Maxime Labelle\";id_user|s:1:\"2\";profile_picture|s:36:\"30f889caf9497e0812cf334333116bad.jpg\";'),('b559qredgon1b236oo79muma539ocnjd','127.0.0.1',1519245664,'__ci_last_regenerate|i:1519245664;authenticated|b:1;email|s:13:\"test@test.com\";fullname|s:14:\"Maxime Labelle\";id_user|s:1:\"2\";profile_picture|s:36:\"30f889caf9497e0812cf334333116bad.jpg\";'),('ba7slv3scdo0vp3gfco6rqoinba9p5e5','127.0.0.1',1519246002,'__ci_last_regenerate|i:1519246002;authenticated|b:1;email|s:13:\"test@test.com\";fullname|s:14:\"Maxime Labelle\";id_user|s:1:\"2\";profile_picture|s:36:\"30f889caf9497e0812cf334333116bad.jpg\";'),('sch8jk3pdenec8soekel7t1gkeve0eeu','127.0.0.1',1519246317,'__ci_last_regenerate|i:1519246317;authenticated|b:1;email|s:13:\"test@test.com\";fullname|s:14:\"Maxime Labelle\";id_user|s:1:\"2\";profile_picture|s:36:\"30f889caf9497e0812cf334333116bad.jpg\";'),('2i2daugdpic4cot51obh1ipia9er8uju','127.0.0.1',1519246637,'__ci_last_regenerate|i:1519246637;authenticated|b:1;email|s:13:\"test@test.com\";fullname|s:14:\"Maxime Labelle\";id_user|s:1:\"2\";profile_picture|s:36:\"30f889caf9497e0812cf334333116bad.jpg\";'),('i0c9992agkp29cemd3bccna9hkai1h8u','127.0.0.1',1519246964,'__ci_last_regenerate|i:1519246964;authenticated|b:1;email|s:13:\"test@test.com\";fullname|s:14:\"Maxime Labelle\";id_user|s:1:\"2\";profile_picture|s:36:\"30f889caf9497e0812cf334333116bad.jpg\";'),('tgihktfaf1l9a3h4mfpjddfamei3665q','127.0.0.1',1519247302,'__ci_last_regenerate|i:1519247302;authenticated|b:1;email|s:13:\"test@test.com\";fullname|s:14:\"Maxime Labelle\";id_user|s:1:\"2\";profile_picture|s:36:\"30f889caf9497e0812cf334333116bad.jpg\";'),('90s5eeaqu7rr4tvb0m8uc11uo6043v19','127.0.0.1',1519247609,'__ci_last_regenerate|i:1519247609;authenticated|b:1;email|s:13:\"test@test.com\";fullname|s:14:\"Maxime Labelle\";id_user|s:1:\"2\";profile_picture|s:36:\"30f889caf9497e0812cf334333116bad.jpg\";'),('ikju06bfee0b7h1b6j30uu2deobgp1dl','127.0.0.1',1519248217,'__ci_last_regenerate|i:1519248217;authenticated|b:1;email|s:15:\"email@email.com\";fullname|s:14:\"Maxime Labelle\";id_user|s:1:\"2\";profile_picture|s:36:\"30f889caf9497e0812cf334333116bad.jpg\";'),('n1bp0ciifjnig6ecempukpdkcie0d2ig','127.0.0.1',1519248522,'__ci_last_regenerate|i:1519248522;authenticated|b:1;email|s:15:\"email@email.com\";fullname|s:14:\"Maxime Labelle\";id_user|s:1:\"2\";profile_picture|s:36:\"30f889caf9497e0812cf334333116bad.jpg\";'),('t1fj69fo2spj67k8cplmsldvtefnr05u','127.0.0.1',1519248923,'__ci_last_regenerate|i:1519248923;authenticated|b:1;email|s:15:\"email@email.com\";fullname|s:14:\"Maxime Labelle\";id_user|s:1:\"2\";profile_picture|s:36:\"30f889caf9497e0812cf334333116bad.jpg\";'),('uu29pmgdrf715n7icdi2575r80v9ch03','127.0.0.1',1519249239,'__ci_last_regenerate|i:1519249239;authenticated|b:1;email|s:15:\"email@email.com\";fullname|s:14:\"Maxime Labelle\";id_user|s:1:\"2\";profile_picture|s:36:\"30f889caf9497e0812cf334333116bad.jpg\";'),('o2ejli2d757gji1rj4t86udqij1qep7o','127.0.0.1',1519255509,'__ci_last_regenerate|i:1519255509;authenticated|b:1;email|s:15:\"email@email.com\";fullname|s:14:\"Maxime Labelle\";id_user|s:1:\"2\";profile_picture|s:36:\"30f889caf9497e0812cf334333116bad.jpg\";'),('t8je22ovrqkop1032ug4aj4ue3c5gt8c','127.0.0.1',1519255855,'__ci_last_regenerate|i:1519255855;authenticated|b:1;email|s:15:\"email@email.com\";fullname|s:14:\"Maxime Labelle\";id_user|s:1:\"2\";profile_picture|s:36:\"30f889caf9497e0812cf334333116bad.jpg\";'),('hjgv6eo5ot6ak4jbm7s76nqnvrptnfpb','127.0.0.1',1519256159,'__ci_last_regenerate|i:1519256159;authenticated|b:1;email|s:15:\"email@email.com\";fullname|s:14:\"Maxime Labelle\";id_user|s:1:\"2\";profile_picture|s:36:\"30f889caf9497e0812cf334333116bad.jpg\";'),('7h1qlrbs700vvp6e7nu4umb6qshp6qbe','127.0.0.1',1519256760,'__ci_last_regenerate|i:1519256760;authenticated|b:1;email|s:15:\"email@email.com\";fullname|s:14:\"Maxime Labelle\";id_user|s:1:\"2\";profile_picture|s:36:\"30f889caf9497e0812cf334333116bad.jpg\";'),('vl52lc3stnrid9cl0hajii5on7clsd84','127.0.0.1',1519257222,'__ci_last_regenerate|i:1519257222;authenticated|b:1;email|s:15:\"email@email.com\";fullname|s:14:\"Maxime Labelle\";id_user|s:1:\"2\";profile_picture|s:36:\"30f889caf9497e0812cf334333116bad.jpg\";'),('0dtvebor08i7krh09rg7q2gmecvhs874','127.0.0.1',1519257800,'__ci_last_regenerate|i:1519257800;authenticated|b:1;email|s:15:\"email@email.com\";fullname|s:14:\"Maxime Labelle\";id_user|s:1:\"2\";profile_picture|s:36:\"30f889caf9497e0812cf334333116bad.jpg\";'),('eps9pjglh4eq6ge8jierirb79m15f29g','127.0.0.1',1519258311,'__ci_last_regenerate|i:1519258311;authenticated|b:1;email|s:15:\"email@email.com\";fullname|s:14:\"Maxime Labelle\";id_user|s:1:\"2\";profile_picture|s:36:\"30f889caf9497e0812cf334333116bad.jpg\";'),('noimuaulvhbkm3070j2pjv8gc1b83cro','127.0.0.1',1519258613,'__ci_last_regenerate|i:1519258613;authenticated|b:1;email|s:15:\"email@email.com\";fullname|s:14:\"Maxime Labelle\";id_user|s:1:\"2\";profile_picture|s:36:\"30f889caf9497e0812cf334333116bad.jpg\";'),('f9cfemvhiu17nocpkjruq7bf0ko4rael','127.0.0.1',1519259041,'__ci_last_regenerate|i:1519259041;authenticated|b:1;email|s:15:\"email@email.com\";fullname|s:14:\"Maxime Labelle\";id_user|s:1:\"2\";profile_picture|s:36:\"30f889caf9497e0812cf334333116bad.jpg\";'),('jfqh4tf6bfq3o7qm6nqcb6l5tbjparme','127.0.0.1',1519259367,'__ci_last_regenerate|i:1519259367;authenticated|b:1;email|s:15:\"email@email.com\";fullname|s:14:\"Maxime Labelle\";id_user|s:1:\"2\";profile_picture|s:36:\"30f889caf9497e0812cf334333116bad.jpg\";'),('cvk0alteerba1tnkr0enek7l5pca2ap2','127.0.0.1',1519259668,'__ci_last_regenerate|i:1519259668;authenticated|b:1;email|s:15:\"email@email.com\";fullname|s:14:\"Maxime Labelle\";id_user|s:1:\"2\";profile_picture|s:36:\"30f889caf9497e0812cf334333116bad.jpg\";'),('6t73817g4p983q8o5qn4gt467dk104o4','127.0.0.1',1519260153,'__ci_last_regenerate|i:1519260153;authenticated|b:1;email|s:15:\"email@email.com\";fullname|s:14:\"Maxime Labelle\";id_user|s:1:\"2\";profile_picture|s:36:\"30f889caf9497e0812cf334333116bad.jpg\";'),('cfjhi9mlus570vsljgqr94sn85uuucm0','127.0.0.1',1519260455,'__ci_last_regenerate|i:1519260455;authenticated|b:1;email|s:15:\"email@email.com\";fullname|s:14:\"Maxime Labelle\";id_user|s:1:\"2\";profile_picture|s:36:\"30f889caf9497e0812cf334333116bad.jpg\";'),('bt96l5v64qbh4en11miaes19mdaavifl','127.0.0.1',1519260818,'__ci_last_regenerate|i:1519260818;authenticated|b:1;email|s:15:\"email@email.com\";fullname|s:14:\"Maxime Labelle\";id_user|s:1:\"2\";profile_picture|s:36:\"30f889caf9497e0812cf334333116bad.jpg\";'),('pducqq6qehqdrjljcummpq2pkitqf6i1','127.0.0.1',1519261133,'__ci_last_regenerate|i:1519261133;authenticated|b:1;email|s:15:\"email@email.com\";fullname|s:14:\"Maxime Labelle\";id_user|s:1:\"2\";profile_picture|s:36:\"30f889caf9497e0812cf334333116bad.jpg\";'),('r0vvbqgk2lo1giigrvm9mv6l2gqifg4s','127.0.0.1',1519261616,'__ci_last_regenerate|i:1519261616;authenticated|b:1;email|s:15:\"email@email.com\";fullname|s:14:\"Maxime Labelle\";id_user|s:1:\"2\";profile_picture|s:36:\"30f889caf9497e0812cf334333116bad.jpg\";'),('njat3506k7v997emvmhrgk5epjc69kfs','127.0.0.1',1519262260,'__ci_last_regenerate|i:1519262260;authenticated|b:1;email|s:15:\"email@email.com\";fullname|s:14:\"Maxime Labelle\";id_user|s:1:\"2\";profile_picture|s:36:\"30f889caf9497e0812cf334333116bad.jpg\";'),('j07ife9qbt2m586sjrqimgg2rkm8g0ut','127.0.0.1',1519262567,'__ci_last_regenerate|i:1519262567;authenticated|b:1;email|s:15:\"email@email.com\";fullname|s:14:\"Maxime Labelle\";id_user|s:1:\"2\";profile_picture|s:36:\"30f889caf9497e0812cf334333116bad.jpg\";'),('3j9fs0s6peto5d84i9kbbf9sqjtvp0po','127.0.0.1',1519262888,'__ci_last_regenerate|i:1519262888;authenticated|b:1;email|s:15:\"email@email.com\";fullname|s:14:\"Maxime Labelle\";id_user|s:1:\"2\";profile_picture|s:36:\"30f889caf9497e0812cf334333116bad.jpg\";'),('rg1eroh79p03dpbkgu9iphpuvh8d4nid','127.0.0.1',1519263636,'__ci_last_regenerate|i:1519263636;authenticated|b:1;email|s:15:\"email@email.com\";fullname|s:14:\"Maxime Labelle\";id_user|s:1:\"2\";profile_picture|s:36:\"30f889caf9497e0812cf334333116bad.jpg\";'),('3llfu03vurb3ao825nt436gcrfcsn1lm','127.0.0.1',1519263665,'__ci_last_regenerate|i:1519263636;authenticated|b:1;email|s:15:\"email@email.com\";fullname|s:14:\"Maxime Labelle\";id_user|s:1:\"2\";profile_picture|s:36:\"30f889caf9497e0812cf334333116bad.jpg\";'),('kdet9tpcq4nspr6lc7ehhqjoo9c731qj','127.0.0.1',1519341883,'__ci_last_regenerate|i:1519341883;authenticated|b:1;email|s:15:\"email@email.com\";fullname|s:14:\"Maxime Labelle\";id_user|s:1:\"2\";profile_picture|s:36:\"30f889caf9497e0812cf334333116bad.jpg\";'),('uf7svkd5uk622v2h6qsptc45pd1fshh7','127.0.0.1',1519342241,'__ci_last_regenerate|i:1519342241;authenticated|b:1;email|s:15:\"email@email.com\";fullname|s:14:\"Maxime Labelle\";id_user|s:1:\"2\";profile_picture|s:36:\"30f889caf9497e0812cf334333116bad.jpg\";'),('i50695elfff090nue5spfr0kcl7po90n','127.0.0.1',1519342607,'__ci_last_regenerate|i:1519342607;authenticated|b:1;email|s:15:\"email@email.com\";fullname|s:14:\"Maxime Labelle\";id_user|s:1:\"2\";profile_picture|s:36:\"30f889caf9497e0812cf334333116bad.jpg\";'),('sqcoj538j8i3obeugfq72p051e2iegj5','127.0.0.1',1519342924,'__ci_last_regenerate|i:1519342924;authenticated|b:1;email|s:15:\"email@email.com\";fullname|s:14:\"Maxime Labelle\";id_user|s:1:\"2\";profile_picture|s:36:\"30f889caf9497e0812cf334333116bad.jpg\";'),('bcj2fcaaqhsckdictbqetc6ftmvt6ut2','127.0.0.1',1519343228,'__ci_last_regenerate|i:1519343228;authenticated|b:1;email|s:15:\"email@email.com\";fullname|s:14:\"Maxime Labelle\";id_user|s:1:\"2\";profile_picture|s:36:\"30f889caf9497e0812cf334333116bad.jpg\";'),('hq37ctj1nv3jidlc9mhi84gik8c2bctm','127.0.0.1',1519343621,'__ci_last_regenerate|i:1519343621;authenticated|b:1;email|s:15:\"email@email.com\";fullname|s:14:\"Maxime Labelle\";id_user|s:1:\"2\";profile_picture|s:36:\"30f889caf9497e0812cf334333116bad.jpg\";'),('1msottgcpte9fqqeqp78g3sohl5uddcb','127.0.0.1',1519344004,'__ci_last_regenerate|i:1519344004;authenticated|b:1;email|s:15:\"email@email.com\";fullname|s:14:\"Maxime Labelle\";id_user|s:1:\"2\";profile_picture|s:36:\"30f889caf9497e0812cf334333116bad.jpg\";'),('5tcan3rf4ep9t4l2pqckvt4g1v4mjclp','127.0.0.1',1519346465,'__ci_last_regenerate|i:1519346465;authenticated|b:1;email|s:15:\"email@email.com\";fullname|s:14:\"Maxime Labelle\";id_user|s:1:\"2\";profile_picture|s:36:\"30f889caf9497e0812cf334333116bad.jpg\";'),('qb7dcbr3hr0j4tvgbmjju2ugneg43gso','127.0.0.1',1519346476,'__ci_last_regenerate|i:1519346465;authenticated|b:1;email|s:15:\"email@email.com\";fullname|s:14:\"Maxime Labelle\";id_user|s:1:\"2\";profile_picture|s:36:\"30f889caf9497e0812cf334333116bad.jpg\";'),('ujm8vheal0g6e745emna1k0okhimhlhi','127.0.0.1',1519389320,'__ci_last_regenerate|i:1519389320;authenticated|b:1;email|s:15:\"email@email.com\";fullname|s:14:\"Maxime Labelle\";id_user|s:1:\"2\";profile_picture|s:36:\"30f889caf9497e0812cf334333116bad.jpg\";'),('agdq4mo648uktura93nuc23u94anbafd','127.0.0.1',1519389628,'__ci_last_regenerate|i:1519389628;authenticated|b:1;email|s:15:\"email@email.com\";fullname|s:14:\"Maxime Labelle\";id_user|s:1:\"2\";profile_picture|s:36:\"30f889caf9497e0812cf334333116bad.jpg\";'),('ev2mbcj25951rsec6r9sf7046i548ep5','127.0.0.1',1519390937,'__ci_last_regenerate|i:1519390937;authenticated|b:1;email|s:15:\"email@email.com\";fullname|s:14:\"Maxime Labelle\";id_user|s:1:\"2\";profile_picture|s:36:\"30f889caf9497e0812cf334333116bad.jpg\";'),('f2kc7b2bfihmrcgmea2cti9dvvnka7eb','127.0.0.1',1519390940,'__ci_last_regenerate|i:1519390939;authenticated|b:1;email|s:15:\"email@email.com\";fullname|s:14:\"Maxime Labelle\";id_user|s:1:\"2\";profile_picture|s:36:\"30f889caf9497e0812cf334333116bad.jpg\";'),('phrsiu3qt1t6l2tkvl908i5e0j5a17j1','127.0.0.1',1519412542,'__ci_last_regenerate|i:1519412542;FBRLH_state|s:32:\"10e6c78a8517cb197e43e73042a0f632\";authenticated|b:1;email|s:15:\"email@email.com\";fullname|s:14:\"Maxime Labelle\";id_user|s:1:\"2\";profile_picture|s:36:\"30f889caf9497e0812cf334333116bad.jpg\";'),('rfp76ilinhftbtkrrfdjpnj9g30hiafs','127.0.0.1',1519412984,'__ci_last_regenerate|i:1519412984;FBRLH_state|s:32:\"10e6c78a8517cb197e43e73042a0f632\";authenticated|b:1;email|s:15:\"email@email.com\";fullname|s:14:\"Maxime Labelle\";id_user|s:1:\"2\";profile_picture|s:36:\"30f889caf9497e0812cf334333116bad.jpg\";'),('ajid3m3923k3u2hcglqq2sq8nrqj722t','127.0.0.1',1519413310,'__ci_last_regenerate|i:1519413310;FBRLH_state|s:32:\"10e6c78a8517cb197e43e73042a0f632\";authenticated|b:1;email|s:15:\"email@email.com\";fullname|s:14:\"Maxime Labelle\";id_user|s:1:\"2\";profile_picture|s:36:\"30f889caf9497e0812cf334333116bad.jpg\";'),('5ku750p4kiefe3okh7fl48m1mq29m3p0','127.0.0.1',1519413612,'__ci_last_regenerate|i:1519413612;FBRLH_state|s:32:\"10e6c78a8517cb197e43e73042a0f632\";authenticated|b:1;email|s:15:\"email@email.com\";fullname|s:14:\"Maxime Labelle\";id_user|s:1:\"2\";profile_picture|s:36:\"30f889caf9497e0812cf334333116bad.jpg\";'),('nk13beufg3403of5plttvgn3socu6j1a','127.0.0.1',1519413646,'__ci_last_regenerate|i:1519413612;FBRLH_state|s:32:\"10e6c78a8517cb197e43e73042a0f632\";authenticated|b:1;email|s:15:\"email@email.com\";fullname|s:14:\"Maxime Labelle\";id_user|s:1:\"2\";profile_picture|s:36:\"30f889caf9497e0812cf334333116bad.jpg\";'),('8a6p2ka9b8nga2135cq1bqv6c42uad9f','127.0.0.1',1519491027,'__ci_last_regenerate|i:1519491027;FBRLH_state|s:32:\"a9fb35fb0af1ca9032afe0b876066944\";authenticated|b:1;email|s:15:\"email@email.com\";fullname|s:14:\"Maxime Labelle\";id_user|s:1:\"2\";profile_picture|s:36:\"30f889caf9497e0812cf334333116bad.jpg\";'),('h2965mkcukbbnl1i5t21icn7u51p1a17','127.0.0.1',1519491342,'__ci_last_regenerate|i:1519491342;FBRLH_state|s:32:\"a9fb35fb0af1ca9032afe0b876066944\";authenticated|b:1;email|s:15:\"email@email.com\";fullname|s:14:\"Maxime Labelle\";id_user|s:1:\"2\";profile_picture|s:36:\"30f889caf9497e0812cf334333116bad.jpg\";'),('vhk6q0h25v1ifqj5cng6didi1d3v8iub','127.0.0.1',1519491660,'__ci_last_regenerate|i:1519491660;FBRLH_state|s:32:\"a9fb35fb0af1ca9032afe0b876066944\";authenticated|b:1;email|s:15:\"email@email.com\";fullname|s:14:\"Maxime Labelle\";id_user|s:1:\"2\";profile_picture|s:36:\"30f889caf9497e0812cf334333116bad.jpg\";'),('o7au9n5u6921ie0m5oqjca7rqep33c1i','127.0.0.1',1519491976,'__ci_last_regenerate|i:1519491976;FBRLH_state|s:32:\"a9fb35fb0af1ca9032afe0b876066944\";authenticated|b:1;email|s:15:\"email@email.com\";fullname|s:14:\"Maxime Labelle\";id_user|s:1:\"2\";profile_picture|s:36:\"30f889caf9497e0812cf334333116bad.jpg\";'),('30l4a37fb5rmmlssn38hpcqtcqua0ior','127.0.0.1',1519492284,'__ci_last_regenerate|i:1519492284;FBRLH_state|s:32:\"a9fb35fb0af1ca9032afe0b876066944\";authenticated|b:1;email|s:15:\"email@email.com\";fullname|s:14:\"Maxime Labelle\";id_user|s:1:\"2\";profile_picture|s:36:\"30f889caf9497e0812cf334333116bad.jpg\";'),('bmarfb4p0vuikfp3ocnd4okodu7brm2i','127.0.0.1',1519493048,'__ci_last_regenerate|i:1519493048;FBRLH_state|s:32:\"a9fb35fb0af1ca9032afe0b876066944\";authenticated|b:1;email|s:15:\"email@email.com\";fullname|s:14:\"Maxime Labelle\";id_user|s:1:\"2\";profile_picture|s:36:\"30f889caf9497e0812cf334333116bad.jpg\";'),('2034o1elnlbsd2gsfdfkmll6tuqil17e','127.0.0.1',1519493570,'__ci_last_regenerate|i:1519493570;FBRLH_state|s:32:\"a9fb35fb0af1ca9032afe0b876066944\";authenticated|b:1;email|s:15:\"email@email.com\";fullname|s:14:\"Maxime Labelle\";id_user|s:1:\"2\";profile_picture|s:36:\"30f889caf9497e0812cf334333116bad.jpg\";'),('da9u30j4uoj60hq033jdcnbhrg5dr9hf','127.0.0.1',1519493945,'__ci_last_regenerate|i:1519493945;FBRLH_state|s:32:\"a9fb35fb0af1ca9032afe0b876066944\";authenticated|b:1;email|s:15:\"email@email.com\";fullname|s:14:\"Maxime Labelle\";id_user|s:1:\"2\";profile_picture|s:36:\"30f889caf9497e0812cf334333116bad.jpg\";'),('02ru0af9beii0mqkq0kbp8kk5a9s3smr','127.0.0.1',1519494412,'__ci_last_regenerate|i:1519494412;FBRLH_state|s:32:\"a9fb35fb0af1ca9032afe0b876066944\";authenticated|b:1;email|s:15:\"email@email.com\";fullname|s:14:\"Maxime Labelle\";id_user|s:1:\"2\";profile_picture|s:36:\"30f889caf9497e0812cf334333116bad.jpg\";'),('ebl5r6puvlqj1908ebhfudu65amratct','127.0.0.1',1519495073,'__ci_last_regenerate|i:1519495073;FBRLH_state|s:32:\"4fe91c09425c99b93527c1dcdac8c6e0\";authenticated|b:1;email|s:13:\"demo@demo.com\";fullname|s:14:\"Maxime Labelle\";id_user|s:1:\"1\";profile_picture|s:16:\"default-user.png\";'),('37recfksdn1nb0tr48eavenc609ra893','127.0.0.1',1519495524,'__ci_last_regenerate|i:1519495524;FBRLH_state|s:32:\"4fe91c09425c99b93527c1dcdac8c6e0\";authenticated|b:1;email|s:13:\"demo@demo.com\";fullname|s:14:\"Maxime Labelle\";id_user|s:1:\"1\";profile_picture|s:16:\"default-user.png\";'),('mung80h21nkdksef02j9bo25r9ngqe4s','127.0.0.1',1519495977,'__ci_last_regenerate|i:1519495977;FBRLH_state|s:32:\"4fe91c09425c99b93527c1dcdac8c6e0\";authenticated|b:1;email|s:13:\"demo@demo.com\";fullname|s:14:\"Maxime Labelle\";id_user|s:1:\"1\";profile_picture|s:16:\"default-user.png\";'),('2l3ug8u2ahj453fpqu25ro4vbuv9npsu','127.0.0.1',1519496343,'__ci_last_regenerate|i:1519496343;FBRLH_state|s:32:\"4fe91c09425c99b93527c1dcdac8c6e0\";authenticated|b:1;email|s:13:\"demo@demo.com\";fullname|s:14:\"Maxime Labelle\";id_user|s:1:\"1\";profile_picture|s:16:\"default-user.png\";'),('hfe9ek1d59p125kdeqqfmdrfourv3483','127.0.0.1',1519497189,'__ci_last_regenerate|i:1519497189;FBRLH_state|s:32:\"0d5ad37268b0c2f6d2e4b2290d854d72\";authenticated|b:1;email|s:11:\"bob@bob.com\";fullname|s:8:\"Bob Dole\";id_user|s:1:\"2\";profile_picture|s:16:\"default-user.png\";'),('a8h43dvofm96g9a0rq6cl30junbr56n2','127.0.0.1',1519498238,'__ci_last_regenerate|i:1519498238;FBRLH_state|s:32:\"0d5ad37268b0c2f6d2e4b2290d854d72\";authenticated|b:1;email|s:11:\"bob@bob.com\";fullname|s:8:\"Bob Dole\";id_user|s:1:\"2\";profile_picture|s:16:\"default-user.png\";'),('gd5unpku51dea5k4hek4im9u14pb31pq','127.0.0.1',1519498678,'__ci_last_regenerate|i:1519498678;FBRLH_state|s:32:\"0ca479e406919bf3a9a59af56397f113\";authenticated|b:1;email|s:13:\"demo@demo.com\";fullname|s:14:\"Maxime Labelle\";id_user|s:1:\"1\";profile_picture|s:16:\"default-user.png\";'),('vgujfgre5m0gl62jmc66tq3of2pq1aa8','127.0.0.1',1519499385,'__ci_last_regenerate|i:1519499385;FBRLH_state|s:32:\"8b9eba1527f2db389a7ff3f5e5f9e33d\";authenticated|b:1;email|s:13:\"demo@demo.com\";fullname|s:14:\"Maxime Labelle\";id_user|s:1:\"1\";profile_picture|s:16:\"default-user.png\";'),('26caljvfa12ub5e3bqjpupd8qrg6curm','127.0.0.1',1519500238,'__ci_last_regenerate|i:1519500238;FBRLH_state|s:32:\"8b9eba1527f2db389a7ff3f5e5f9e33d\";authenticated|b:1;email|s:13:\"demo@demo.com\";fullname|s:14:\"Maxime Labelle\";id_user|s:1:\"1\";profile_picture|s:16:\"default-user.png\";'),('o4lt140dvim0bio469ilvti6jdmrqjkt','127.0.0.1',1519501579,'__ci_last_regenerate|i:1519501579;FBRLH_state|s:32:\"8b9eba1527f2db389a7ff3f5e5f9e33d\";authenticated|b:1;email|s:13:\"demo@demo.com\";fullname|s:14:\"Maxime Labelle\";id_user|s:1:\"1\";profile_picture|s:16:\"default-user.png\";'),('gd2sij6miigas3tqrc6slu238jnabbp4','127.0.0.1',1519503739,'__ci_last_regenerate|i:1519503739;FBRLH_state|s:32:\"8b9eba1527f2db389a7ff3f5e5f9e33d\";authenticated|b:1;email|s:13:\"demo@demo.com\";fullname|s:14:\"Maxime Labelle\";id_user|s:1:\"1\";profile_picture|s:16:\"default-user.png\";'),('mg5vbuqjoabuojqllltrrcllpf99o91m','127.0.0.1',1519504049,'__ci_last_regenerate|i:1519504049;FBRLH_state|s:32:\"8b9eba1527f2db389a7ff3f5e5f9e33d\";authenticated|b:1;email|s:13:\"demo@demo.com\";fullname|s:14:\"Maxime Labelle\";id_user|s:1:\"1\";profile_picture|s:16:\"default-user.png\";'),('ic5ia62heu5c9k1jopj9c2u12d35l6bk','127.0.0.1',1519504554,'__ci_last_regenerate|i:1519504554;FBRLH_state|s:32:\"8b9eba1527f2db389a7ff3f5e5f9e33d\";authenticated|b:1;email|s:13:\"demo@demo.com\";fullname|s:14:\"Maxime Labelle\";id_user|s:1:\"1\";profile_picture|s:16:\"default-user.png\";'),('077qu5tlcni5b8uc12dus57h9d636ppa','127.0.0.1',1519504986,'__ci_last_regenerate|i:1519504986;FBRLH_state|s:32:\"8b9eba1527f2db389a7ff3f5e5f9e33d\";authenticated|b:1;email|s:13:\"demo@demo.com\";fullname|s:14:\"Maxime Labelle\";id_user|s:1:\"1\";profile_picture|s:16:\"default-user.png\";'),('vluu97o300cabskmhuvr9ru0t1mrp29c','127.0.0.1',1519505300,'__ci_last_regenerate|i:1519505300;FBRLH_state|s:32:\"8b9eba1527f2db389a7ff3f5e5f9e33d\";authenticated|b:1;email|s:13:\"demo@demo.com\";fullname|s:14:\"Maxime Labelle\";id_user|s:1:\"1\";profile_picture|s:16:\"default-user.png\";'),('eetvf44ku9oijtug4pqsk17e8hfb2fj8','127.0.0.1',1519505671,'__ci_last_regenerate|i:1519505671;FBRLH_state|s:32:\"8b9eba1527f2db389a7ff3f5e5f9e33d\";authenticated|b:1;email|s:13:\"demo@demo.com\";fullname|s:14:\"Maxime Labelle\";id_user|s:1:\"1\";profile_picture|s:16:\"default-user.png\";'),('p5pu89o8gajvfbu3hccjfaemg2onga7i','127.0.0.1',1519506006,'__ci_last_regenerate|i:1519506006;FBRLH_state|s:32:\"8b9eba1527f2db389a7ff3f5e5f9e33d\";authenticated|b:1;email|s:13:\"demo@demo.com\";fullname|s:14:\"Maxime Labelle\";id_user|s:1:\"1\";profile_picture|s:16:\"default-user.png\";'),('gr2jdtuc2eq4nkb1fb4e768pn7ahkh7v','127.0.0.1',1519506640,'__ci_last_regenerate|i:1519506640;FBRLH_state|s:32:\"fad3355ba84a876d6674204aba69c4ad\";authenticated|b:1;email|s:11:\"bob@bob.com\";fullname|s:8:\"Bob Dole\";id_user|s:1:\"2\";profile_picture|s:16:\"default-user.png\";'),('6paljb21dg70kgg7ehudj7dpf75q4b5s','127.0.0.1',1519507081,'__ci_last_regenerate|i:1519507081;FBRLH_state|s:32:\"8f9dbce585f56840f6d3235f9b6f3025\";authenticated|b:1;email|s:13:\"demo@demo.com\";fullname|s:14:\"Maxime Labelle\";id_user|s:1:\"1\";profile_picture|s:16:\"default-user.png\";'),('sikrj93ikmt4bbqpglo1hiq9dnn1vvop','127.0.0.1',1519507410,'__ci_last_regenerate|i:1519507410;FBRLH_state|s:32:\"8f9dbce585f56840f6d3235f9b6f3025\";authenticated|b:1;email|s:13:\"demo@demo.com\";fullname|s:14:\"Maxime Labelle\";id_user|s:1:\"1\";profile_picture|s:16:\"default-user.png\";'),('j92rog5jb2ctuupqppvmk7fpq5g30dvt','127.0.0.1',1519507853,'__ci_last_regenerate|i:1519507853;FBRLH_state|s:32:\"8f9dbce585f56840f6d3235f9b6f3025\";authenticated|b:1;email|s:13:\"demo@demo.com\";fullname|s:14:\"Maxime Labelle\";id_user|s:1:\"1\";profile_picture|s:16:\"default-user.png\";'),('mapgkoe61d4pfmg3812pmhmdonqo78hh','127.0.0.1',1519508301,'__ci_last_regenerate|i:1519508301;FBRLH_state|s:32:\"8f9dbce585f56840f6d3235f9b6f3025\";authenticated|b:1;email|s:13:\"demo@demo.com\";fullname|s:14:\"Maxime Labelle\";id_user|s:1:\"1\";profile_picture|s:16:\"default-user.png\";'),('65g19di6uijt22pcj5qgcgaf5e13tkuj','127.0.0.1',1519508740,'__ci_last_regenerate|i:1519508740;FBRLH_state|s:32:\"8f9dbce585f56840f6d3235f9b6f3025\";authenticated|b:1;email|s:13:\"demo@demo.com\";fullname|s:14:\"Maxime Labelle\";id_user|s:1:\"1\";profile_picture|s:16:\"default-user.png\";'),('5llkut5fcouhoaa6sjko8dksh72cqdp8','127.0.0.1',1519509212,'__ci_last_regenerate|i:1519509212;FBRLH_state|s:32:\"8f9dbce585f56840f6d3235f9b6f3025\";authenticated|b:1;email|s:13:\"demo@demo.com\";fullname|s:14:\"Maxime Labelle\";id_user|s:1:\"1\";profile_picture|s:16:\"default-user.png\";'),('9qg7jd1lashchldc2mkk1bp2ms8bpitl','127.0.0.1',1519509530,'__ci_last_regenerate|i:1519509530;FBRLH_state|s:32:\"8f9dbce585f56840f6d3235f9b6f3025\";authenticated|b:1;email|s:13:\"demo@demo.com\";fullname|s:14:\"Maxime Labelle\";id_user|s:1:\"1\";profile_picture|s:16:\"default-user.png\";'),('pe55einp1f075ukje88sr5i7bsau6ehl','127.0.0.1',1519510740,'__ci_last_regenerate|i:1519510740;FBRLH_state|s:32:\"8f9dbce585f56840f6d3235f9b6f3025\";authenticated|b:1;email|s:13:\"demo@demo.com\";fullname|s:14:\"Maxime Labelle\";id_user|s:1:\"1\";profile_picture|s:16:\"default-user.png\";'),('q8b9etgecbaja579v9m82merdgv9go8u','127.0.0.1',1519511053,'__ci_last_regenerate|i:1519511053;FBRLH_state|s:32:\"8f9dbce585f56840f6d3235f9b6f3025\";authenticated|b:1;email|s:13:\"demo@demo.com\";fullname|s:14:\"Maxime Labelle\";id_user|s:1:\"1\";profile_picture|s:16:\"default-user.png\";'),('9h9r4ga1mb6qo2jjalbj4upkkk0uhqjn','127.0.0.1',1519511480,'__ci_last_regenerate|i:1519511480;FBRLH_state|s:32:\"8f9dbce585f56840f6d3235f9b6f3025\";authenticated|b:1;email|s:13:\"demo@demo.com\";fullname|s:14:\"Maxime Labelle\";id_user|s:1:\"1\";profile_picture|s:16:\"default-user.png\";'),('l1nomkkmp0qa28usadh5oqvnm1m143es','127.0.0.1',1519511781,'__ci_last_regenerate|i:1519511781;FBRLH_state|s:32:\"8f9dbce585f56840f6d3235f9b6f3025\";authenticated|b:1;email|s:13:\"demo@demo.com\";fullname|s:14:\"Maxime Labelle\";id_user|s:1:\"1\";profile_picture|s:16:\"default-user.png\";'),('jvhhu1mip3tj38ejhpen18vs4kjgrsja','127.0.0.1',1519512163,'__ci_last_regenerate|i:1519512163;FBRLH_state|s:32:\"8c3cfe1623f3f447641efffde07889bd\";authenticated|b:1;email|s:11:\"bob@bob.com\";fullname|s:8:\"Bob Dole\";id_user|s:1:\"2\";profile_picture|s:16:\"default-user.png\";'),('uaqgkeneok0q6a1f2d9uav96pumano8q','127.0.0.1',1519512441,'__ci_last_regenerate|i:1519512163;FBRLH_state|s:32:\"8c3cfe1623f3f447641efffde07889bd\";authenticated|b:1;email|s:11:\"bob@bob.com\";fullname|s:8:\"Bob Dole\";id_user|s:1:\"2\";profile_picture|s:16:\"default-user.png\";'),('oortl9h7l7c6c9jp1sa7ucqps8devquq','127.0.0.1',1519574005,'__ci_last_regenerate|i:1519574005;FBRLH_state|s:32:\"d920c04445f1474aafd580477db7a17a\";authenticated|b:1;email|s:11:\"bob@bob.com\";fullname|s:8:\"Bob Dole\";id_user|s:1:\"2\";profile_picture|s:16:\"default-user.png\";'),('g71dp15hg49l7cgkte4fhedlkakoj2st','127.0.0.1',1519574308,'__ci_last_regenerate|i:1519574308;FBRLH_state|s:32:\"d920c04445f1474aafd580477db7a17a\";authenticated|b:1;email|s:11:\"bob@bob.com\";fullname|s:8:\"Bob Dole\";id_user|s:1:\"2\";profile_picture|s:16:\"default-user.png\";'),('32bupv7s20d28uicp2t4t7825ssm434o','127.0.0.1',1519574612,'__ci_last_regenerate|i:1519574612;FBRLH_state|s:32:\"d920c04445f1474aafd580477db7a17a\";authenticated|b:1;email|s:11:\"bob@bob.com\";fullname|s:8:\"Bob Dole\";id_user|s:1:\"2\";profile_picture|s:16:\"default-user.png\";'),('khuj013hpbgnnqo1g043l2dlqbeqonq7','127.0.0.1',1519574968,'__ci_last_regenerate|i:1519574968;FBRLH_state|s:32:\"d920c04445f1474aafd580477db7a17a\";authenticated|b:1;email|s:11:\"bob@bob.com\";fullname|s:8:\"Bob Dole\";id_user|s:1:\"2\";profile_picture|s:16:\"default-user.png\";'),('s61n4138rugle0cs1qsatcvsjk5l0609','127.0.0.1',1519575318,'__ci_last_regenerate|i:1519575318;FBRLH_state|s:32:\"d920c04445f1474aafd580477db7a17a\";authenticated|b:1;email|s:11:\"bob@bob.com\";fullname|s:8:\"Bob Dole\";id_user|s:1:\"2\";profile_picture|s:16:\"default-user.png\";'),('mhq6he8r39mka49rfue7fg29u245vr97','127.0.0.1',1519575692,'__ci_last_regenerate|i:1519575692;FBRLH_state|s:32:\"d920c04445f1474aafd580477db7a17a\";authenticated|b:1;email|s:11:\"bob@bob.com\";fullname|s:8:\"Bob Dole\";id_user|s:1:\"2\";profile_picture|s:16:\"default-user.png\";'),('jg090038hqp55qf5pt1vst6vu99gp49e','127.0.0.1',1519576740,'__ci_last_regenerate|i:1519576740;FBRLH_state|s:32:\"e1feb98ff4dfe39aae5b57d521d46f09\";authenticated|b:1;email|s:11:\"bob@bob.com\";fullname|s:8:\"Bob Dole\";id_user|s:1:\"2\";profile_picture|s:16:\"default-user.png\";'),('kf30q01vcupecdk870ia4tk79f54h16f','127.0.0.1',1519577050,'__ci_last_regenerate|i:1519577050;FBRLH_state|s:32:\"e1feb98ff4dfe39aae5b57d521d46f09\";authenticated|b:1;email|s:11:\"bob@bob.com\";fullname|s:8:\"Bob Dole\";id_user|s:1:\"2\";profile_picture|s:16:\"default-user.png\";'),('5sh9tslj126vfphuihltkql4713ikp29','127.0.0.1',1519577405,'__ci_last_regenerate|i:1519577405;FBRLH_state|s:32:\"e1feb98ff4dfe39aae5b57d521d46f09\";authenticated|b:1;email|s:11:\"bob@bob.com\";fullname|s:8:\"Bob Dole\";id_user|s:1:\"2\";profile_picture|s:16:\"default-user.png\";'),('ecdu591mpfqtelburo391do7f284ks2n','127.0.0.1',1519577883,'__ci_last_regenerate|i:1519577883;FBRLH_state|s:32:\"e1feb98ff4dfe39aae5b57d521d46f09\";authenticated|b:1;email|s:11:\"bob@bob.com\";fullname|s:8:\"Bob Dole\";id_user|s:1:\"2\";profile_picture|s:16:\"default-user.png\";'),('5dfmme6436gr00rp0empf2jlspgut3d1','127.0.0.1',1519578291,'__ci_last_regenerate|i:1519578291;FBRLH_state|s:32:\"46ec1d488999e8321bc3fe51854bdd2c\";'),('a1h6q5ven8lddi69uo4eru2e3d2ds5ul','127.0.0.1',1519578595,'__ci_last_regenerate|i:1519578595;FBRLH_state|s:32:\"c35c1036256e5946df83e9dd78b82473\";'),('a9jot4e4q3jnm1grf06td51o8vujmdp7','127.0.0.1',1519579292,'__ci_last_regenerate|i:1519579292;FBRLH_state|s:32:\"5c7c01178871adaabbc1e611324cfec4\";'),('vrin3fv661rfi7u86e0r8gnj85ek0e70','127.0.0.1',1519580139,'__ci_last_regenerate|i:1519580139;FBRLH_state|s:32:\"c30643bdc2283a2e5105c88d0c2bc80c\";authenticated|b:1;email|s:11:\"bob@bob.com\";fullname|s:8:\"Bob Dole\";id_user|s:1:\"2\";profile_picture|s:16:\"default-user.png\";'),('3bm1dg5o3c8ktcnmk1aggb0o6hsos0l6','127.0.0.1',1519580476,'__ci_last_regenerate|i:1519580476;FBRLH_state|s:32:\"c30643bdc2283a2e5105c88d0c2bc80c\";authenticated|b:1;email|s:11:\"bob@bob.com\";fullname|s:8:\"Bob Dole\";id_user|s:1:\"2\";profile_picture|s:16:\"default-user.png\";'),('q2e5qksodtdns7589emn51ufq4l1bvii','127.0.0.1',1519580820,'__ci_last_regenerate|i:1519580820;FBRLH_state|s:32:\"c30643bdc2283a2e5105c88d0c2bc80c\";authenticated|b:1;email|s:11:\"bob@bob.com\";fullname|s:8:\"Bob Dole\";id_user|s:1:\"2\";profile_picture|s:16:\"default-user.png\";'),('v1quf28hnvr4d4dg84isbg5fqtt6e6uk','127.0.0.1',1519581143,'__ci_last_regenerate|i:1519581143;FBRLH_state|s:32:\"c30643bdc2283a2e5105c88d0c2bc80c\";authenticated|b:1;email|s:11:\"bob@bob.com\";fullname|s:8:\"Bob Dole\";id_user|s:1:\"2\";profile_picture|s:16:\"default-user.png\";'),('bfi985cqu53s5ckob40qaacbek3kctte','127.0.0.1',1519582305,'__ci_last_regenerate|i:1519582305;FBRLH_state|s:32:\"43407214a5583ca93551214d24abf46e\";authenticated|b:1;email|s:13:\"demo@demo.com\";fullname|s:14:\"Maxime Labelle\";id_user|s:1:\"1\";profile_picture|s:16:\"default-user.png\";'),('gpaotik99c8u2igd4h0l812fd7i4q8k0','127.0.0.1',1519583518,'__ci_last_regenerate|i:1519583518;FBRLH_state|s:32:\"7a966b5d2e86c89c8b118c0d35ad8375\";authenticated|b:1;email|s:13:\"demo@demo.com\";fullname|s:14:\"Maxime Labelle\";id_user|s:1:\"1\";profile_picture|s:16:\"default-user.png\";'),('7m03thv9bbanl3u8a141dna325d8ghqo','127.0.0.1',1519583821,'__ci_last_regenerate|i:1519583734;FBRLH_state|s:32:\"d8210c75997f1a5c863c61c20dd1b235\";authenticated|b:1;email|s:11:\"bob@bob.com\";fullname|s:8:\"Bob Dole\";id_user|s:1:\"2\";profile_picture|s:36:\"4fbdb3a48ab5b4afb180d82c9ead17da.jpg\";');
/*!40000 ALTER TABLE `ci_sessions` ENABLE KEYS */;
UNLOCK TABLES;

--
-- Table structure for table `jobs`
--

DROP TABLE IF EXISTS `jobs`;
/*!40101 SET @saved_cs_client     = @@character_set_client */;
/*!40101 SET character_set_client = utf8 */;
CREATE TABLE `jobs` (
  `id_job` int(11) NOT NULL AUTO_INCREMENT,
  `id_user` int(11) DEFAULT NULL,
  `id_project` int(11) DEFAULT NULL,
  `status` varchar(45) DEFAULT NULL,
  `role` varchar(512) DEFAULT 'Freelancer',
  `creationdate` varchar(45) DEFAULT NULL,
  `submission_description` text,
  `submission_amount` varchar(45) DEFAULT NULL,
  `submission_milestones` text,
  `employer_reviewed` varchar(45) DEFAULT NULL,
  PRIMARY KEY (`id_job`),
  KEY `id_user` (`id_user`),
  KEY `id_project` (`id_project`),
  KEY `status` (`status`)
) ENGINE=InnoDB AUTO_INCREMENT=2 DEFAULT CHARSET=utf8;
/*!40101 SET character_set_client = @saved_cs_client */;

--
-- Dumping data for table `jobs`
--

LOCK TABLES `jobs` WRITE;
/*!40000 ALTER TABLE `jobs` DISABLE KEYS */;
INSERT INTO `jobs` VALUES (1,2,1,'APPROVED','Developerx','2018/02/21 19:47','descx','233','[{\"milestone\":\"ax\",\"time\":\"1x\",\"progress\":\"10\"},{\"milestone\":\"bx\",\"time\":\"x3\",\"progress\":\"50\"}]','YES');
/*!40000 ALTER TABLE `jobs` ENABLE KEYS */;
UNLOCK TABLES;

--
-- Table structure for table `notifications`
--

DROP TABLE IF EXISTS `notifications`;
/*!40101 SET @saved_cs_client     = @@character_set_client */;
/*!40101 SET character_set_client = utf8 */;
CREATE TABLE `notifications` (
  `id_notification` int(11) NOT NULL AUTO_INCREMENT,
  `notification` text,
  `id_user_source` int(11) DEFAULT NULL,
  `creationdate` varchar(45) DEFAULT NULL,
  `status` varchar(45) DEFAULT NULL,
  `id_user_destination` varchar(45) DEFAULT NULL,
  PRIMARY KEY (`id_notification`),
  KEY `id_user_source` (`id_user_source`),
  KEY `id_user_destination` (`id_user_destination`),
  KEY `status` (`status`)
) ENGINE=InnoDB AUTO_INCREMENT=6 DEFAULT CHARSET=utf8;
/*!40101 SET character_set_client = @saved_cs_client */;

--
-- Dumping data for table `notifications`
--

LOCK TABLES `notifications` WRITE;
/*!40000 ALTER TABLE `notifications` DISABLE KEYS */;
INSERT INTO `notifications` VALUES (1,'new stuff just happened',2,'2018/01/01 28:02','READ','1'),(2,'I have blocked you.',1,NULL,'READ','2'),(3,'I have unblocked you.',1,NULL,'READ','2'),(4,'Hi, I just wanted to connect with you :)',2,NULL,'READ','1'),(5,'I have accepted your connection request :)',1,NULL,'READ','2');
/*!40000 ALTER TABLE `notifications` ENABLE KEYS */;
UNLOCK TABLES;

--
-- Table structure for table `postboard`
--

DROP TABLE IF EXISTS `postboard`;
/*!40101 SET @saved_cs_client     = @@character_set_client */;
/*!40101 SET character_set_client = utf8 */;
CREATE TABLE `postboard` (
  `id_note` int(11) NOT NULL AUTO_INCREMENT,
  `pos_x` int(11) DEFAULT NULL,
  `pos_y` int(11) DEFAULT NULL,
  `width` int(11) DEFAULT NULL,
  `height` int(11) DEFAULT NULL,
  `id_user` int(11) DEFAULT NULL,
  PRIMARY KEY (`id_note`)
) ENGINE=InnoDB DEFAULT CHARSET=utf8;
/*!40101 SET character_set_client = @saved_cs_client */;

--
-- Dumping data for table `postboard`
--

LOCK TABLES `postboard` WRITE;
/*!40000 ALTER TABLE `postboard` DISABLE KEYS */;
/*!40000 ALTER TABLE `postboard` ENABLE KEYS */;
UNLOCK TABLES;

--
-- Table structure for table `projects`
--

DROP TABLE IF EXISTS `projects`;
/*!40101 SET @saved_cs_client     = @@character_set_client */;
/*!40101 SET character_set_client = utf8 */;
CREATE TABLE `projects` (
  `id_project` int(11) NOT NULL AUTO_INCREMENT,
  `status` varchar(45) DEFAULT NULL,
  `id_user` int(11) DEFAULT NULL,
  `id_category` int(11) DEFAULT NULL,
  `title` text,
  `description` text,
  `type` varchar(45) DEFAULT NULL,
  `amount` varchar(45) DEFAULT NULL,
  `creationdate` varchar(45) DEFAULT NULL,
  `skills` varchar(1000) DEFAULT NULL,
  `uuid` varchar(1000) DEFAULT NULL,
  `visibility` varchar(45) DEFAULT NULL,
  PRIMARY KEY (`id_project`),
  KEY `status` (`status`),
  KEY `id_user` (`id_user`),
  KEY `id_category` (`id_category`),
  KEY `skills` (`skills`),
  KEY `uuid` (`uuid`),
  KEY `title` (`title`(1000)),
  KEY `description` (`description`(1000))
) ENGINE=InnoDB AUTO_INCREMENT=134 DEFAULT CHARSET=utf8;
/*!40101 SET character_set_client = @saved_cs_client */;

--
-- Dumping data for table `projects`
--

LOCK TABLES `projects` WRITE;
/*!40000 ALTER TABLE `projects` DISABLE KEYS */;
INSERT INTO `projects` VALUES (1,'CLOSED',1,62,'test','test 1234 5321 abcd','FIXED','2345','2018/02/10 18:52','php,linux','d73e20eaa6d0d1f0166ff6cdfb07ffd255123249',NULL),(2,'NEW',3,62,'axcxac','axcaxc','FIXED','234','2018/02/10 19:02','','83a5dbbb6f1d953722035a785b0f292b88075a7e',NULL),(3,'x',3,62,'axcac','axcaxc','FIXED','23','2018/01','php,lixnu',NULL,NULL),(4,'x',3,62,'axcac','axcaxc','FIXED','23','2018/01','php,lixnu',NULL,NULL),(5,'x',3,62,'axcac','axcaxc','FIXED','23','2018/01','php,lixnu',NULL,NULL),(6,'x',3,62,'axcac','axcaxc','FIXED','23','2018/01','php,lixnu',NULL,NULL),(7,'x',3,62,'axcac','axcaxc','FIXED','23','2018/01','php,lixnu',NULL,NULL),(8,'x',3,62,'axcac','axcaxc','FIXED','23','2018/01','php,lixnu',NULL,NULL),(9,'x',3,62,'axcac','axcaxc','FIXED','23','2018/01','php,lixnu',NULL,NULL),(10,'x',3,62,'axcac','axcaxc','FIXED','23','2018/01','php,lixnu',NULL,NULL),(11,'x',3,62,'axcac','axcaxc','FIXED','23','2018/01','php,lixnu',NULL,NULL),(12,'x',3,62,'axcac','axcaxc','FIXED','23','2018/01','php,lixnu',NULL,NULL),(13,'x',3,62,'axcac','axcaxc','FIXED','23','2018/01','php,lixnu',NULL,NULL),(14,'x',3,62,'axcac','axcaxc','FIXED','23','2018/01','php,lixnu',NULL,NULL),(15,'x',3,62,'axcac','axcaxc','FIXED','23','2018/01','php,lixnu',NULL,NULL),(16,'x',3,62,'axcac','axcaxc','FIXED','23','2018/01','php,lixnu',NULL,NULL),(17,'x',3,62,'axcac','axcaxc','FIXED','23','2018/01','php,lixnu',NULL,NULL),(18,'x',3,62,'axcac','axcaxc','FIXED','23','2018/01','php,lixnu',NULL,NULL),(19,'x',3,62,'axcac','axcaxc','FIXED','23','2018/01','php,lixnu',NULL,NULL),(20,'x',3,62,'axcac','axcaxc','FIXED','23','2018/01','php,lixnu',NULL,NULL),(21,'x',3,62,'axcac','axcaxc','FIXED','23','2018/01','php,lixnu',NULL,NULL),(22,'x',3,62,'axcac','axcaxc','FIXED','23','2018/01','php,lixnu',NULL,NULL),(23,'x',3,62,'axcac','axcaxc','FIXED','23','2018/01','php,lixnu',NULL,NULL),(24,'x',3,62,'axcac','axcaxc','FIXED','23','2018/01','php,lixnu',NULL,NULL),(25,'x',3,62,'axcac','axcaxc','FIXED','23','2018/01','php,lixnu',NULL,NULL),(26,'x',3,62,'axcac','axcaxc','FIXED','23','2018/01','php,lixnu',NULL,NULL),(27,'x',3,62,'axcac','axcaxc','FIXED','23','2018/01','php,lixnu',NULL,NULL),(28,'x',3,62,'axcac','axcaxc','FIXED','23','2018/01','php,lixnu',NULL,NULL),(29,'x',3,62,'axcac','axcaxc','FIXED','23','2018/01','php,lixnu',NULL,NULL),(30,'x',3,62,'axcac','axcaxc','FIXED','23','2018/01','php,lixnu',NULL,NULL),(31,'x',3,62,'axcac','axcaxc','FIXED','23','2018/01','php,lixnu',NULL,NULL),(32,'x',3,62,'axcac','axcaxc','FIXED','23','2018/01','php,lixnu',NULL,NULL),(33,'x',3,62,'axcac','axcaxc','FIXED','23','2018/01','php,lixnu',NULL,NULL),(34,'x',3,62,'axcac','axcaxc','FIXED','23','2018/01','php,lixnu',NULL,NULL),(35,'x',3,62,'axcac','axcaxc','FIXED','23','2018/01','php,lixnu',NULL,NULL),(36,'x',3,62,'axcac','axcaxc','FIXED','23','2018/01','php,lixnu',NULL,NULL),(37,'x',3,62,'axcac','axcaxc','FIXED','23','2018/01','php,lixnu',NULL,NULL),(38,'x',3,62,'axcac','axcaxc','FIXED','23','2018/01','php,lixnu',NULL,NULL),(39,'x',3,62,'axcac','axcaxc','FIXED','23','2018/01','php,lixnu',NULL,NULL),(40,'x',3,62,'axcac','axcaxc','FIXED','23','2018/01','php,lixnu',NULL,NULL),(41,'x',3,62,'axcac','axcaxc','FIXED','23','2018/01','php,lixnu',NULL,NULL),(42,'x',3,62,'axcac','axcaxc','FIXED','23','2018/01','php,lixnu',NULL,NULL),(43,'x',3,62,'axcac','axcaxc','FIXED','23','2018/01','php,lixnu',NULL,NULL),(44,'x',3,62,'axcac','axcaxc','FIXED','23','2018/01','php,lixnu',NULL,NULL),(45,'x',3,62,'axcac','axcaxc','FIXED','23','2018/01','php,lixnu',NULL,NULL),(46,'x',3,62,'axcac','axcaxc','FIXED','23','2018/01','php,lixnu',NULL,NULL),(47,'x',3,62,'axcac','axcaxc','FIXED','23','2018/01','php,lixnu',NULL,NULL),(48,'x',3,62,'axcac','axcaxc','FIXED','23','2018/01','php,lixnu',NULL,NULL),(49,'x',3,62,'axcac','axcaxc','FIXED','23','2018/01','php,lixnu',NULL,NULL),(50,'x',3,62,'axcac','axcaxc','FIXED','23','2018/01','php,lixnu',NULL,NULL),(51,'x',3,62,'axcac','axcaxc','FIXED','23','2018/01','php,lixnu',NULL,NULL),(52,'x',3,62,'axcac','axcaxc','FIXED','23','2018/01','php,lixnu',NULL,NULL),(53,'x',3,62,'axcac','axcaxc','FIXED','23','2018/01','php,lixnu',NULL,NULL),(54,'x',3,62,'axcac','axcaxc','FIXED','23','2018/01','php,lixnu',NULL,NULL),(55,'x',3,62,'axcac','axcaxc','FIXED','23','2018/01','php,lixnu',NULL,NULL),(56,'x',3,62,'axcac','axcaxc','FIXED','23','2018/01','php,lixnu',NULL,NULL),(57,'x',3,62,'axcac','axcaxc','FIXED','23','2018/01','php,lixnu',NULL,NULL),(58,'x',3,62,'axcac','axcaxc','FIXED','23','2018/01','php,lixnu',NULL,NULL),(59,'x',3,62,'axcac','axcaxc','FIXED','23','2018/01','php,lixnu',NULL,NULL),(60,'x',3,62,'axcac','axcaxc','FIXED','23','2018/01','php,lixnu',NULL,NULL),(61,'x',3,62,'axcac','axcaxc','FIXED','23','2018/01','php,lixnu',NULL,NULL),(62,'x',3,62,'axcac','axcaxc','FIXED','23','2018/01','php,lixnu',NULL,NULL),(63,'x',3,62,'axcac','axcaxc','FIXED','23','2018/01','php,lixnu',NULL,NULL),(64,'x',3,62,'axcac','axcaxc','FIXED','23','2018/01','php,lixnu',NULL,NULL),(65,'x',3,62,'axcac','axcaxc','FIXED','23','2018/01','php,lixnu',NULL,NULL),(66,'x',3,62,'axcac','axcaxc','FIXED','23','2018/01','php,lixnu',NULL,NULL),(67,'x',3,62,'axcac','axcaxc','FIXED','23','2018/01','php,lixnu',NULL,NULL),(68,'x',3,62,'axcac','axcaxc','FIXED','23','2018/01','php,lixnu',NULL,NULL),(69,'x',3,62,'axcac','axcaxc','FIXED','23','2018/01','php,lixnu',NULL,NULL),(70,'x',3,62,'axcac','axcaxc','FIXED','23','2018/01','php,lixnu',NULL,NULL),(71,'x',3,62,'axcac','axcaxc','FIXED','23','2018/01','php,lixnu',NULL,NULL),(72,'x',3,62,'axcac','axcaxc','FIXED','23','2018/01','php,lixnu',NULL,NULL),(73,'x',3,62,'axcac','axcaxc','FIXED','23','2018/01','php,lixnu',NULL,NULL),(74,'x',3,62,'axcac','axcaxc','FIXED','23','2018/01','php,lixnu',NULL,NULL),(75,'x',3,62,'axcac','axcaxc','FIXED','23','2018/01','php,lixnu',NULL,NULL),(76,'x',3,62,'axcac','axcaxc','FIXED','23','2018/01','php,lixnu',NULL,NULL),(77,'x',3,62,'axcac','axcaxc','FIXED','23','2018/01','php,lixnu',NULL,NULL),(78,'x',3,62,'axcac','axcaxc','FIXED','23','2018/01','php,lixnu',NULL,NULL),(79,'x',3,62,'axcac','axcaxc','FIXED','23','2018/01','php,lixnu',NULL,NULL),(80,'x',3,62,'axcac','axcaxc','FIXED','23','2018/01','php,lixnu',NULL,NULL),(81,'x',3,62,'axcac','axcaxc','FIXED','23','2018/01','php,lixnu',NULL,NULL),(82,'x',3,62,'axcac','axcaxc','FIXED','23','2018/01','php,lixnu',NULL,NULL),(83,'x',3,62,'axcac','axcaxc','FIXED','23','2018/01','php,lixnu',NULL,NULL),(84,'x',3,62,'axcac','axcaxc','FIXED','23','2018/01','php,lixnu',NULL,NULL),(85,'x',3,62,'axcac','axcaxc','FIXED','23','2018/01','php,lixnu',NULL,NULL),(86,'x',3,62,'axcac','axcaxc','FIXED','23','2018/01','php,lixnu',NULL,NULL),(87,'x',3,62,'axcac','axcaxc','FIXED','23','2018/01','php,lixnu',NULL,NULL),(88,'x',3,62,'axcac','axcaxc','FIXED','23','2018/01','php,lixnu',NULL,NULL),(89,'x',3,62,'axcac','axcaxc','FIXED','23','2018/01','php,lixnu',NULL,NULL),(90,'x',3,62,'axcac','axcaxc','FIXED','23','2018/01','php,lixnu',NULL,NULL),(91,'x',3,62,'axcac','axcaxc','FIXED','23','2018/01','php,lixnu',NULL,NULL),(92,'x',3,62,'axcac','axcaxc','FIXED','23','2018/01','php,lixnu',NULL,NULL),(93,'x',3,62,'axcac','axcaxc','FIXED','23','2018/01','php,lixnu',NULL,NULL),(94,'x',3,62,'axcac','axcaxc','FIXED','23','2018/01','php,lixnu',NULL,NULL),(95,'x',3,62,'axcac','axcaxc','FIXED','23','2018/01','php,lixnu',NULL,NULL),(96,'x',3,62,'axcac','axcaxc','FIXED','23','2018/01','php,lixnu',NULL,NULL),(97,'x',3,62,'axcac','axcaxc','FIXED','23','2018/01','php,lixnu',NULL,NULL),(98,'x',3,62,'axcac','axcaxc','FIXED','23','2018/01','php,lixnu',NULL,NULL),(99,'x',3,62,'axcac','axcaxc','FIXED','23','2018/01','php,lixnu',NULL,NULL),(100,'x',3,62,'axcac','axcaxc','FIXED','23','2018/01','php,lixnu',NULL,NULL),(101,'x',3,62,'axcac','axcaxc','FIXED','23','2018/01','php,lixnu',NULL,NULL),(102,'x',3,62,'axcac','axcaxc','FIXED','23','2018/01','php,lixnu',NULL,NULL),(103,'x',3,62,'axcac','axcaxc','FIXED','23','2018/01','php,lixnu',NULL,NULL),(104,'x',3,62,'axcac','axcaxc','FIXED','23','2018/01','php,lixnu',NULL,NULL),(105,'x',3,62,'axcac','axcaxc','FIXED','23','2018/01','php,lixnu',NULL,NULL),(106,'x',3,62,'axcac','axcaxc','FIXED','23','2018/01','php,lixnu',NULL,NULL),(107,'x',3,62,'axcac','axcaxc','FIXED','23','2018/01','php,lixnu',NULL,NULL),(108,'x',3,62,'axcac','axcaxc','FIXED','23','2018/01','php,lixnu',NULL,NULL),(109,'x',3,62,'axcac','axcaxc','FIXED','23','2018/01','php,lixnu',NULL,NULL),(110,'x',3,62,'axcac','axcaxc','FIXED','23','2018/01','php,lixnu',NULL,NULL),(111,'x',3,62,'axcac','axcaxc','FIXED','23','2018/01','php,lixnu',NULL,NULL),(112,'x',3,62,'axcac','axcaxc','FIXED','23','2018/01','php,lixnu',NULL,NULL),(113,'x',3,62,'axcac','axcaxc','FIXED','23','2018/01','php,lixnu',NULL,NULL),(114,'x',3,62,'axcac','axcaxc','FIXED','23','2018/01','php,lixnu',NULL,NULL),(115,'x',3,62,'axcac','axcaxc','FIXED','23','2018/01','php,lixnu',NULL,NULL),(116,'x',3,62,'axcac','axcaxc','FIXED','23','2018/01','php,lixnu',NULL,NULL),(117,'x',3,62,'axcac','axcaxc','FIXED','23','2018/01','php,lixnu',NULL,NULL),(118,'x',3,62,'axcac','axcaxc','FIXED','23','2018/01','php,lixnu',NULL,NULL),(119,'x',3,62,'axcac','axcaxc','FIXED','23','2018/01','php,lixnu',NULL,NULL),(120,'x',3,62,'axcac','axcaxc','FIXED','23','2018/01','php,lixnu',NULL,NULL),(121,'x',3,62,'axcac','axcaxc','FIXED','23','2018/01','php,lixnu',NULL,NULL),(122,'x',3,62,'axcac','axcaxc','FIXED','23','2018/01','php,lixnu',NULL,NULL),(123,'x',3,62,'axcac','axcaxc','FIXED','23','2018/01','php,lixnu',NULL,NULL),(124,'x',3,62,'axcac','axcaxc','FIXED','23','2018/01','php,lixnu',NULL,NULL),(125,'x',3,62,'axcac','axcaxc','FIXED','23','2018/01','php,lixnu',NULL,NULL),(126,'x',3,62,'axcac','axcaxc','FIXED','23','2018/01','php,lixnu',NULL,NULL),(127,'x',3,62,'axcac','axcaxc','FIXED','23','2018/01','php,lixnu',NULL,NULL),(128,'x',3,62,'axcac','axcaxc','FIXED','23','2018/01','php,lixnu',NULL,NULL),(129,'x',3,62,'axcac','axcaxc','FIXED','23','2018/01','php,lixnu',NULL,NULL),(130,'x',3,62,'axcac','axcaxc','FIXED','23','2018/01','php,lixnu',NULL,NULL),(131,'x',3,62,'axcac','axcaxc','FIXED','23','2018/01','php,lixnu',NULL,NULL),(132,'ASSIGNED',2,62,'axc','<h1>super info</h1>very interesting stuff very interesting stuff very interesting stuff very interesting stuff very interesting stuff very interesting stuff very interesting stuff<br>very interesting stuff very interesting stuff very interesting stuff<br>very interesting stuff<br><br><b>very interesting stuff<br></b><br>very interesting stuff very interesting stuff<i><u>very interesting stuff<br></u></i><br><ul><li>very interesting stuff</li><li>very interesting stuff<br></li><li>very interesting stuff<br></li><li>very interesting stuff<br></li></ul>','FIXED','1234','2018/02/14 10:51','php,linuxc','4e31646dd907945a7be37be0e04251df758e7da4','PUBLIC');
/*!40000 ALTER TABLE `projects` ENABLE KEYS */;
UNLOCK TABLES;

--
-- Table structure for table `projects_files`
--

DROP TABLE IF EXISTS `projects_files`;
/*!40101 SET @saved_cs_client     = @@character_set_client */;
/*!40101 SET character_set_client = utf8 */;
CREATE TABLE `projects_files` (
  `id_file` int(11) NOT NULL AUTO_INCREMENT,
  `id_project` int(11) DEFAULT NULL,
  `filename` text,
  `filepath` text,
  PRIMARY KEY (`id_file`),
  KEY `id_project` (`id_project`)
) ENGINE=InnoDB AUTO_INCREMENT=5 DEFAULT CHARSET=utf8;
/*!40101 SET character_set_client = @saved_cs_client */;

--
-- Dumping data for table `projects_files`
--

LOCK TABLES `projects_files` WRITE;
/*!40000 ALTER TABLE `projects_files` DISABLE KEYS */;
INSERT INTO `projects_files` VALUES (2,132,'4.jpg','5068daed4a08007485d942223cfdd213.jpg'),(3,132,'9.jpg','904b0acb56e3ad211408e8691f3f36fe.jpg'),(4,133,'4.jpg','ea1463cf41d275b9d550af58fbe47a4d.jpg');
/*!40000 ALTER TABLE `projects_files` ENABLE KEYS */;
UNLOCK TABLES;

--
-- Table structure for table `reviews`
--

DROP TABLE IF EXISTS `reviews`;
/*!40101 SET @saved_cs_client     = @@character_set_client */;
/*!40101 SET character_set_client = utf8 */;
CREATE TABLE `reviews` (
  `id_review` int(11) NOT NULL AUTO_INCREMENT,
  `id_user_reviewed` int(11) DEFAULT NULL,
  `id_user_reviewer` int(11) DEFAULT NULL,
  `type` varchar(45) DEFAULT NULL,
  `creationdate` varchar(45) DEFAULT NULL,
  `review` text,
  PRIMARY KEY (`id_review`),
  KEY `id_user_reviewed` (`id_user_reviewed`),
  KEY `id_user_reviewer` (`id_user_reviewer`),
  KEY `type` (`type`)
) ENGINE=InnoDB AUTO_INCREMENT=3 DEFAULT CHARSET=utf8;
/*!40101 SET character_set_client = @saved_cs_client */;

--
-- Dumping data for table `reviews`
--

LOCK TABLES `reviews` WRITE;
/*!40000 ALTER TABLE `reviews` DISABLE KEYS */;
INSERT INTO `reviews` VALUES (1,2,1,'POSITIVE','2018/02/24 17:34','good'),(2,1,2,'NEGATIVE','2018/02/25 11:48','very bad :(');
/*!40000 ALTER TABLE `reviews` ENABLE KEYS */;
UNLOCK TABLES;

--
-- Table structure for table `users`
--

DROP TABLE IF EXISTS `users`;
/*!40101 SET @saved_cs_client     = @@character_set_client */;
/*!40101 SET character_set_client = utf8 */;
CREATE TABLE `users` (
  `id_user` int(11) NOT NULL AUTO_INCREMENT,
  `email` varchar(1000) DEFAULT NULL,
  `password` text,
  `fullname` text,
  `profile_picture` varchar(1000) DEFAULT 'default-user.png',
  `mobile` varchar(45) DEFAULT NULL,
  `location` varchar(45) DEFAULT NULL,
  `description` text,
  `summary` text,
  `status` varchar(45) DEFAULT NULL,
  `email_verified` varchar(45) DEFAULT NULL,
  `email_visibility` varchar(45) DEFAULT NULL,
  `skills` text,
  `creationdate` varchar(45) DEFAULT NULL,
  PRIMARY KEY (`id_user`),
  KEY `email` (`email`),
  KEY `status` (`status`),
  KEY `skills` (`skills`(1000)) USING BTREE
) ENGINE=InnoDB AUTO_INCREMENT=3 DEFAULT CHARSET=utf8;
/*!40101 SET character_set_client = @saved_cs_client */;

--
-- Dumping data for table `users`
--

LOCK TABLES `users` WRITE;
/*!40000 ALTER TABLE `users` DISABLE KEYS */;
INSERT INTO `users` VALUES (1,'demo@demo.com','$2y$10$0yZS9oXnV5lXrpbkaHXhJe1c1KT1KftN78.QBqidQQpOAMdz1ZUz2','Maxime Labelle','default-user.png','','','<h1>asdffdasdf</h1>asd asd<br>fa sddfas dfa sddfas dfa sddfas dfa sddfas dfa sddfas dfa sddfas dfa sddfas dfa sddfas dfa sddfas dfa sddfas dfa sddfas dfa sddfas dfa sddfas dfa sddfas dfa sddfas dfa sddfas dfa sddfas dfa sddfas dfa sddfas dfa sddfas d<br>','xacaxc','ACTIVE','b5d834b3501a7d2112cf0c032b3526cc','PUBLIC','Skill description1331,Skill descriptionxac,Skill descriptionaxc','2018/02/24 12:51'),(2,'bob@bob.com','$2y$10$6wIVFiklc2rKBrXYES4KfOeXOyN8XfY8gln8wXT9v/0x8nFC/Kx2m','Bob Dole','4fbdb3a48ab5b4afb180d82c9ead17da.jpg','','','<h1>super important</h1>about me im super impotant and by that I mean impotent. damn.<br>Contrary to popular belief, Lorem Ipsum is not simply random text. It has roots in a piece of classical Latin literature from 45 BC, making it over 2000 years old. Richard McClintock, a Latin professor at Hampden-Sydney College in Virginia, looked up one of the more obscure Latin words, consectetur, from a Lorem Ipsum passage, and going through the cites of the word in classical literature, discovered the undoubtable source. Lorem Ipsum comes from sections 1.10.32 and 1.10.33 of \"de Finibus Bonorum et Malorum\" (The Extremes of Good and Evil) by Cicero, written in 45 BC. This book is a treatise on the theory of ethics, very popular during the Renaissance. The first line of Lorem Ipsum, \"Lorem ipsum dolor sit amet..\", comes from a line in section 1.10.32.<span>The standard chunk of Lorem Ipsum used since the 1500s is reproduced below for those interested. Sections 1.10.32 and 1.10.33 from \"de Finibus Bonorum et Malorum\" by Cicero are also reproduced in their exact original form, accompanied by English versions from the 1914 translation by H. Rackham.<br><br><br></span>Contrary to popular belief, Lorem Ipsum is not simply random text. It has roots in a piece of classical Latin literature from 45 BC, making it over 2000 years old. Richard McClintock, a Latin professor at Hampden-Sydney College in Virginia, looked up one of the more obscure Latin words, consectetur, from a Lorem Ipsum passage, and going through the cites of the word in classical literature, discovered the undoubtable source. Lorem Ipsum comes from sections 1.10.32 and 1.10.33 of \"de Finibus Bonorum et Malorum\" (The Extremes of Good and Evil) by Cicero, written in 45 BC. This book is a treatise on the theory of ethics, very popular during the Renaissance. The first line of Lorem Ipsum, \"Lorem ipsum dolor sit amet..\", comes from a line in section 1.10.32.The standard chunk of Lorem Ipsum used since the 1500s is reproduced below for those interested. Sections 1.10.32 and 1.10.33 from \"de Finibus Bonorum et Malorum\" by Cicero are also reproduced in their exact original form, accompanied by English versions from the 1914 translation by H. Rackham.','web dev','ACTIVE','NO','PUBLIC','php,linux,mysql','2018/02/24 12:51');
/*!40000 ALTER TABLE `users` ENABLE KEYS */;
UNLOCK TABLES;

--
-- Table structure for table `users_contacts`
--

DROP TABLE IF EXISTS `users_contacts`;
/*!40101 SET @saved_cs_client     = @@character_set_client */;
/*!40101 SET character_set_client = utf8 */;
CREATE TABLE `users_contacts` (
  `id_contact` int(11) NOT NULL AUTO_INCREMENT,
  `id_user` int(11) DEFAULT NULL,
  `id_user_contact` int(11) DEFAULT NULL,
  `status` varchar(45) DEFAULT NULL,
  PRIMARY KEY (`id_contact`),
  KEY `id_user` (`id_user`),
  KEY `id_user_contact` (`id_user_contact`),
  KEY `status` (`status`)
) ENGINE=InnoDB AUTO_INCREMENT=3 DEFAULT CHARSET=utf8;
/*!40101 SET character_set_client = @saved_cs_client */;

--
-- Dumping data for table `users_contacts`
--

LOCK TABLES `users_contacts` WRITE;
/*!40000 ALTER TABLE `users_contacts` DISABLE KEYS */;
INSERT INTO `users_contacts` VALUES (1,2,1,'CONNECTED'),(2,1,2,'CONNECTED');
/*!40000 ALTER TABLE `users_contacts` ENABLE KEYS */;
UNLOCK TABLES;

--
-- Table structure for table `users_skills`
--

DROP TABLE IF EXISTS `users_skills`;
/*!40101 SET @saved_cs_client     = @@character_set_client */;
/*!40101 SET character_set_client = utf8 */;
CREATE TABLE `users_skills` (
  `id_users_skill` int(11) NOT NULL AUTO_INCREMENT,
  `id_user` int(11) DEFAULT NULL,
  `skill` varchar(45) DEFAULT NULL,
  `level` int(11) DEFAULT NULL,
  PRIMARY KEY (`id_users_skill`),
  KEY `id_user` (`id_user`),
  KEY `level` (`level`)
) ENGINE=InnoDB AUTO_INCREMENT=8 DEFAULT CHARSET=utf8;
/*!40101 SET character_set_client = @saved_cs_client */;

--
-- Dumping data for table `users_skills`
--

LOCK TABLES `users_skills` WRITE;
/*!40000 ALTER TABLE `users_skills` DISABLE KEYS */;
INSERT INTO `users_skills` VALUES (2,2,'php',14),(3,2,'linux',50),(4,2,'mysql',80),(5,1,'Skill description1331',11),(6,1,'Skill descriptionxac',1),(7,1,'Skill descriptionaxc',1);
/*!40000 ALTER TABLE `users_skills` ENABLE KEYS */;
UNLOCK TABLES;
/*!40103 SET TIME_ZONE=@OLD_TIME_ZONE */;

/*!40101 SET SQL_MODE=@OLD_SQL_MODE */;
/*!40014 SET FOREIGN_KEY_CHECKS=@OLD_FOREIGN_KEY_CHECKS */;
/*!40014 SET UNIQUE_CHECKS=@OLD_UNIQUE_CHECKS */;
/*!40101 SET CHARACTER_SET_CLIENT=@OLD_CHARACTER_SET_CLIENT */;
/*!40101 SET CHARACTER_SET_RESULTS=@OLD_CHARACTER_SET_RESULTS */;
/*!40101 SET COLLATION_CONNECTION=@OLD_COLLATION_CONNECTION */;
/*!40111 SET SQL_NOTES=@OLD_SQL_NOTES */;

-- Dump completed on 2018-02-25 17:06:11
